direccion,precio,moneda,tipo,operacion,ciudad,barrio,m2_totales,m2_cubiertos,m2_terreno,m2_descubierta,ambientes,dormitorios,banos,cant_plantas,expensas,descripcion,lat,lng,antiguedad,piso,cochera,balcon,jardin,parrilla,pileta,apto_banco,permuta,fotos,detalles,amenities_extra
"CORDOBA ENTRE SAN MARTIN Y LURO 1600, Piso 4TO",65000,USD,Depto,Venta,Mar del Plata,Centro,43,40,,3,2,1,1,,$ 80.000,"Mar del plata dto balcon calle cordoba entre san martin y luro , retasado mayo 2026 , pleno centro toma permuta la plata o ma r del plata toma valores dto 4to piso a la calle balcon saliente living 3x5 cocina 2x5 1 baño y 1 dor 3 x 4 muy luminoso contado dolares 65.000 permuta dolares 72.000",-37.99889,-57.54622,30 años,,no,si,no,no,no,si,si,https://www.argenprop.com/static-content/92022021/a669e058-912a-4e27-bb67-862d73eaa8bd_u_large.jpg|https://www.argenprop.com/static-content/92022021/60ede21d-dbab-4513-af17-d86c0c179d64_u_large.jpg|https://www.argenprop.com/static-content/92022021/ddd8732f-8f1e-442a-9f48-59b7b8c17e92_u_large.jpg|https://www.argenprop.com/static-content/92022021/bd196914-c9d8-49cc-b998-e86df87f034c_u_large.jpg|https://www.argenprop.com/static-content/92022021/a352269a-1add-4c78-aca4-1438b60c013f_u_large.jpg|https://www.argenprop.com/static-content/t/c20987e5-dd27-4d48-8932-3f48893d997c.jpg|https://www.argenprop.com/static-content/92022021/6c046347-9683-4801-85a5-b710472d10f3_u_large.jpg|https://www.argenprop.com/static-content/92022021/fc2745a4-b009-43f1-8b23-20fa50c8f595_u_large.jpg|https://www.argenprop.com/static-content/92022021/7d4b7dd7-72db-42d1-a868-1b3f90ed10fb_u_large.jpg|https://www.argenprop.com/static-content/92022021/6b79b5ee-1c55-49be-893b-7c14653bc02d_u_large.jpg|https://www.argenprop.com/static-content/92022021/a9d08b6e-b100-4413-8a7c-85aaad6d3c2d_u_large.jpg|https://www.argenprop.com/static-content/92022021/55223b52-979f-49bd-8655-4ad049f90e47_u_large.jpg|https://www.argenprop.com/static-content/92022021/e1565151-e271-4a2c-b33d-8be295e9ce3a_u_large.jpg|/Content/images/argenprop/argenprop-logo.webp|https://www.argenprop.com/static-content/91398521/c09f1384-cf80-4ae2-8642-78856dc690d6_u_small.jpg|https://www.argenprop.com/static-content/65650481/3f616e31-41cd-4e7d-9cd5-86b6a6a946b8_u_small.jpg|https://www.argenprop.com/static-content/39417581/8ea2b445-344d-4ee8-aace-997104fd8029_u_small.jpg|/content/images/data-fiscal.png|/content/images/agea.png,"{""Cant. Dormitorios:"":""1"",""Estado:"":""Bueno"",""Disposición:"":""Frente"",""Orientación:"":""S"",""Tipo de Balcón:"":""Frances"",""Tipo de Costa:"":""Costa mar"",""Tipo de Vista:"":""Vista ciudad"",""Tipo de Piso:"":""Ceramicos"",""Tipo de Unidad:"":""Departamento"",""Tipo de operación:"":""Venta"",""Precio:"":""USD 65.000"",""Cant. Pisos:"":""12"",""Deptos. por Piso:"":""4"",""Tipo Edificio:"":""Entre Medianeras"",""Tipo Frente:"":""Cemento"",""Estado Edificio:"":""Muy Bueno"",""Long. Frente:"":""10 m2"",""Long. Fondo:"":""20 m2"",""Sup. Playa:"":""400 m2""}",Cocina|Comedor diario|Living|Agua caliente|Agua corriente|Amoblado|Ascensores de servicio|Cable|Electricidad|Gas natural|Pavimento|Agua corriente|Calefacción|Electricidad|Gas natural|Permite Mascotas|Cocina|Electricidad|Gas natural|Ascensor|Termotanque
"1 64 Y 65 1500, Piso 2",64000,USD,Depto,Venta,La Plata,Centro,88,70,,18,4,2,1,,,"Semipiso retasado octubre 2023 permuta menor valor toma dto o casa la plata o mar del plata o casa o depto.a refaccionar en la costa atlántica, santa clara, san clemente, o alrededores valor contado u$s 65.000 posible financiacion permuta 75.500",-34.920494,-57.953568,30 años,,no,no,no,no,no,si,si,https://www.argenprop.com/static-content/41966801/24ac093c-4a7f-4c8a-8aea-aa3a84d8a121_u_large.jpg|https://www.argenprop.com/static-content/41966801/044367db-31a0-4c3c-927a-2cc0cf3d5b44_u_large.jpg|https://www.argenprop.com/static-content/41966801/f7e83219-b409-4f0a-b4c9-b7f0b18758e5_u_large.jpg|https://www.argenprop.com/static-content/41966801/7fc43399-c029-4497-9160-6f479502ed8d_u_large.jpg|https://www.argenprop.com/static-content/41966801/c26a0c59-80ef-4ee3-99ad-b16408405457_u_large.jpg|https://www.argenprop.com/static-content/41966801/6ba0b63e-bdb4-4142-ad44-d38b724ac48c_u_large.jpg|https://www.argenprop.com/static-content/41966801/3f6862d3-875e-4b38-9e87-d9f7a05dfe6a_u_large.jpg|https://www.argenprop.com/static-content/41966801/53b9365d-a11f-456f-825c-3bd1b0bf251f_u_large.jpg|https://www.argenprop.com/static-content/41966801/a830676c-a866-4fbd-887a-f3157d753139_u_large.jpg|https://www.argenprop.com/static-content/41966801/7cace483-36bd-464f-9adc-11c67a45771d_u_large.jpg|/Content/images/argenprop/argenprop-logo.webp|https://www.argenprop.com/static-content/20030181/c231dddd-be2e-41fa-ac31-0ef457386ab7_u_small.jpg|https://www.argenprop.com/static-content/21806561/b5d62bb1-b02a-4af7-9e95-b27b7cef9e18_u_small.jpg|https://www.argenprop.com/static-content/77032451/4fd99e86-64ea-4970-8e2c-19ea83e3e5dc_u_small.jpg|https://www.argenprop.com/static-content/90152811/ce6c872a-e4aa-4693-8506-8d692298e460_u_small.jpg|/content/images/data-fiscal.png|/content/images/agea.png,"{""Cant. Dormitorios:"":""2"",""Estado:"":""Excelente"",""Orientación:"":""N"",""Tipo de Piso:"":""Ceramicos y Baldosas"",""Tipo de Unidad:"":""Piso"",""Tipo de operación:"":""Venta"",""Precio:"":""USD 64.000"",""Cant. Pisos:"":""2"",""Deptos. por Piso:"":""1"",""Tipo Edificio:"":""Entre Medianeras"",""Estado Edificio:"":""Muy Bueno"",""Long. Frente:"":""10 m2"",""Long. Fondo:"":""30 m2""}",Cocina|Comedor diario|Living|Palier|Patio|Agua caliente|Agua caliente central|Agua corriente|Aire acondicionado individual|Amoblado|Cable|Gas natural|Muebles de cocina|Teléfono|Termotanque|Agua corriente|Gas natural|Teléfono|Permite Mascotas|Cocina|Electricidad|Gas natural
139 esq 64 1500,56500,USD,Casa,Venta,La Plata,Los Hornos,80,46,80,34,4,2,1,2,,Muy lindo duplex a mts de avenida 137 y lineas de micro y centro comerciales,-34.94618,-57.98177,20 años,,si,no,si,no,no,si,no,https://www.argenprop.com/static-content/26684611/2f40979e-d42e-4035-a45d-307a3e4bada7_u_large.jpg|https://www.argenprop.com/static-content/26684611/d35c2806-0879-45f8-8136-ee6565831814_u_large.jpg|https://www.argenprop.com/static-content/26684611/4f5548d5-7733-421e-9186-55032dc0b3a0_u_large.jpg|https://www.argenprop.com/static-content/26684611/d42531b6-1c89-4e00-b9b9-645e0456cac5_u_large.jpg|https://www.argenprop.com/static-content/26684611/4915de22-4d50-4d3a-8ba8-90f48b0fd76a_u_large.jpg|https://www.argenprop.com/static-content/26684611/2fbedd9a-1e61-4d81-88f9-078f1da7aab4_u_large.jpg|https://www.argenprop.com/static-content/26684611/8e604e79-70a1-4ea0-b595-809160c848e8_u_large.jpg|https://www.argenprop.com/static-content/26684611/287b22df-9622-4be7-99e6-2bb4bd735715_u_large.jpg|https://www.argenprop.com/static-content/26684611/1e25f122-2fe9-4151-b464-d26ba2944a1a_u_large.jpg|https://www.argenprop.com/static-content/26684611/f2fd15be-8801-49a2-99b9-e2c12a2a111f_u_large.jpg|https://www.argenprop.com/static-content/26684611/dc640bb5-51a5-4671-872b-b238663211d0_u_large.jpg|https://www.argenprop.com/static-content/26684611/24d3c356-fe3f-444e-8d1c-96265635acb1_u_large.jpg|https://www.argenprop.com/static-content/26684611/8bbea485-93f9-4af2-8ce6-ab95330d3edb_u_large.jpg|https://www.argenprop.com/static-content/26684611/d07b394e-13b8-49a0-84a7-d257397e5117_u_large.jpg|https://www.argenprop.com/static-content/26684611/9109fcae-9025-4eec-a18b-a23f347d1faf_u_large.jpg|https://www.argenprop.com/static-content/26684611/7a43ff51-6add-4aa1-ab96-3a01308b7621_u_large.jpg|https://www.argenprop.com/static-content/26684611/78ba2a70-c78c-4174-a30a-7f78ddc3004b_u_large.jpg|https://www.argenprop.com/static-content/26684611/d80f0497-73be-4f80-bf37-38453917caab_u_large.jpg|https://www.argenprop.com/static-content/26684611/8c2a1f3c-e1ce-4bea-a1b6-3db27ee71582_u_large.jpg|https://www.argenprop.com/static-content/26684611/533ecbdd-c054-49e7-a1d6-8f3349ea2832_u_large.jpg|https://www.argenprop.com/static-content/26684611/29d1292f-5744-4ad4-89d0-c899e27e184f_u_large.jpg|https://www.argenprop.com/static-content/26684611/30ea931d-4b03-4018-bcaa-1ad7c1765e4b_u_large.jpg|https://www.argenprop.com/static-content/26684611/14aa8c7b-bc84-422f-95dc-ab03804402a0_u_large.jpg|https://www.argenprop.com/static-content/26684611/f34e5efb-62d9-426e-85aa-75dd4639964d_u_large.jpg|https://www.argenprop.com/static-content/26684611/d96ce48e-ebab-4109-abb7-245dd32a7bf2_u_large.jpg|https://www.argenprop.com/static-content/26684611/07556f1c-1ad0-4a17-9118-0f5bde6fc6ef_u_large.jpg|https://www.argenprop.com/static-content/26684611/ea582fb8-699e-45c5-82a7-b0d8a342e935_u_large.jpg|https://www.argenprop.com/static-content/26684611/94c412be-1414-4449-90f5-43a774d82dc4_u_large.jpg|/Content/images/argenprop/argenprop-logo.webp|https://www.argenprop.com/static-content/34985611/f76a46b2-636b-4ce3-ba85-967904b52734_u_small.jpg|https://www.argenprop.com/static-content/38967441/ad6e59d5-6098-4c1f-b070-ace1ac2e56f3_u_small.jpg|https://www.argenprop.com/static-content/5402489/865d94e0-11a8-4fae-ac4d-27de10035a8d_u_small.jpg|https://www.argenprop.com/static-content/29157501/31e3aefd-253a-4132-b3be-dacf945e215f_u_small.jpg|/content/images/data-fiscal.png|/content/images/agea.png,"{""Cant. Dormitorios:"":""2"",""Long. Frente:"":""4 m"",""Long. Fondo:"":""18 m"",""Estado:"":""Muy Bueno"",""Tipo de Techo:"":""Teja"",""Tipo de Piso:"":""Ceramicos"",""Cant. Cocheras:"":""1"",""Orientación:"":""S"",""Tipo de Unidad:"":""Duplex"",""Tipo de operación:"":""Venta"",""Precio:"":""USD 56.500""}",Altillo|Baño|Comedor diario|Dormitorio|Lavadero|Living|Patio|Vestidor|Agua cloaca|Agua corriente|Cable|Calefacción tiro balanceado|Calefon|Electricidad|Espacio para vehículo|Gas natural|Pavimento|Agua corriente|Calefacción|Electricidad|Gas natural|Internet|Permite Mascotas
MAR DEL PLATA CALLE Castelli 100,295000,USD,Depto,Venta,Mar del Plata,Varese,125,115,,10,4,3,2,,$ 25.000,Excelente piso y ubicación amplia vista panoramica al mar todos los dormitorios ventilan al mar muy amplio livincomedor muy luminoso amplios ventanales con vista al mar consultas 43,-38.021946,-57.529564,35 años,,no,no,no,no,no,si,no,https://www.argenprop.com/static-content/66423741/a8dff1af-9267-432b-9294-5f274fe93d9a_u_large.jpg|https://www.argenprop.com/static-content/66423741/be7eabb0-6ebf-4e92-ac49-8d9dc936039b_u_large.jpg|https://www.argenprop.com/static-content/66423741/b7935883-e8b6-477d-8112-3eec2b4df870_u_large.jpg|https://www.argenprop.com/static-content/66423741/d6366e93-9df9-43d1-886f-7a477716a41a_u_large.jpg|https://www.argenprop.com/static-content/66423741/db08a7c4-1953-403d-80da-cea0700a1480_u_large.jpg|https://www.argenprop.com/static-content/66423741/7bb573c4-072a-468a-b0f0-5c94d5471931_u_large.jpg|https://www.argenprop.com/static-content/66423741/d879fb05-6cd4-4365-86df-de6988f9e686_u_large.jpg|https://www.argenprop.com/static-content/66423741/48e20bf3-ce1b-40c4-886b-cb9d26587a27_u_large.jpg|https://www.argenprop.com/static-content/66423741/e5ec14b1-8e9e-4765-a4ce-7b86ee1c507b_u_large.jpg|https://www.argenprop.com/static-content/66423741/f60a35b7-c7e7-4468-b6a5-19235edf57c0_u_large.jpg|https://www.argenprop.com/static-content/66423741/28b6a8a0-950c-4960-b41c-3767e90739bf_u_large.jpg|https://www.argenprop.com/static-content/66423741/09d366d9-a751-4270-aab0-995ebd78c5bb_u_large.jpg|https://www.argenprop.com/static-content/66423741/acc1ff52-6f52-4cc7-bd7e-fa6d8f0936f2_u_large.jpg|https://www.argenprop.com/static-content/66423741/17156d3c-3007-4ec2-91ac-e416e491c5f2_u_large.jpg|https://www.argenprop.com/static-content/66423741/95485ca0-ef53-4631-be4f-75f30ea9afc1_u_large.jpg|/Content/images/argenprop/argenprop-logo.webp|https://www.argenprop.com/static-content/13272681/14e39262-6e17-4055-a85a-b227e08d9d8f_u_small.jpg|https://www.argenprop.com/static-content/28014981/b985bdbf-0d00-498d-97fa-adb5d4bd0ae0_u_small.jpg|https://www.argenprop.com/static-content/56465721/10ad9f33-e1a5-43fa-9f02-d300815449d6_u_small.jpg|https://www.argenprop.com/static-content/98748681/0fc0d34e-f270-4e5d-ad48-bf850e45927a_u_small.jpg|/content/images/data-fiscal.png|/content/images/agea.png,"{""Cant. Dormitorios:"":""3"",""Cant. Cocheras:"":""1"",""Estado:"":""Muy Bueno"",""Disposición:"":""Frente"",""Orientación:"":""S"",""Tipo de Balcón:"":""Frances"",""Tipo de Costa:"":""Costa mar"",""Tipo de Vista:"":""Vista mar"",""Tipo de Piso:"":""Flotante y ceramicos"",""Tipo de Unidad:"":""Semipiso"",""Tipo de operación:"":""Venta"",""Precio:"":""USD 295.000"",""Cant. Pisos:"":""9"",""Deptos. por Piso:"":""2"",""Tipo Edificio:"":""Entre Medianeras"",""Tipo Frente:"":""Cemento"",""Estado Edificio:"":""Muy Bueno"",""Long. Frente:"":""10 m2"",""Long. Fondo:"":""25 m2"",""Sup. Playa:"":""50 m2""}",Agua caliente|Agua corriente|Aire acondicionado individual|Ascensor|Cable|Electricidad|Gas natural|Termotanque|Pavimento|Agua corriente|Calefacción|Electricidad|Gas natural|Permite Mascotas|Agua corriente|Calefacción|Cocina|Electricidad|Gas natural|Internet|Ascensor|Caldera|Termotanque
68 y 7 600,89500,USD,Casa,Venta,La Plata,Parque Saavedra,2,2,,,3,2,2,2,,Casona antigua con local a refaccionar y duplex toma permuta la plata o costa atlantida,-34.928093,-57.933,70 años,,no,no,si,no,no,si,si,https://www.argenprop.com/static-content/05477761/6b1bc26b-24b7-40f0-a177-515c9392dda2_u_large.jpg|https://www.argenprop.com/static-content/05477761/b6fc2a1f-cfcc-4ec0-adc8-58cf85158e07_u_large.jpg|https://www.argenprop.com/static-content/05477761/311efb3b-8a7e-4a6e-8dab-fb8331da8b11_u_large.jpg|https://www.argenprop.com/static-content/05477761/bdf65aec-d1c1-4fc5-9ca3-704e63006b24_u_large.jpg|https://www.argenprop.com/static-content/05477761/9af31c6d-c813-42ea-9c0e-43aefe6cac7f_u_large.jpg|https://www.argenprop.com/static-content/05477761/2797a293-e533-4cd7-a375-2123295b9c85_u_large.jpg|/Content/images/argenprop/argenprop-logo.webp|https://www.argenprop.com/static-content/63810761/e92c3e0a-44b3-43ff-b8b3-ebafac563c5d_u_small.jpg|https://www.argenprop.com/static-content/91910191/83d3c2ca-703a-4963-abff-5ce21671cfee_u_small.jpg|/content/images/data-fiscal.png|/content/images/agea.png,"{""Cant. Dormitorios:"":""2"",""Long. Frente:"":""10 m"",""Long. Fondo:"":""30 m"",""Estado:"":""Regular"",""Tipo de Techo:"":""Chapa"",""Tipo de Piso:"":""Ceramicos y Baldosas"",""Cant. Cocheras:"":""2"",""Orientación:"":""S"",""Tipo de Unidad:"":""Casa"",""Tipo de operación:"":""Venta"",""Precio:"":""USD 89.500""}",Escritorio|Oficina|Patio|Agua cloaca|Agua corriente|Pavimento|Electricidad|Permite Mascotas
ZONA 45 Y 150 2700,135000,USD,Casa,Venta,La Plata,Los Hornos,1,200,1,800,4,3,1,2,,"Casaquinta cerrada toda con pared hasta 2 mts de altura `porton automatico , camaras de seguridad, amplias dependencias casaquinta y duplex permutaria menor valor toma valores la plata y mar del plata",-34.952595,-57.99879,25 años,,si,no,si,si,si,si,si,https://www.argenprop.com/static-content/69397861/aca0a69a-a68d-4b5e-93bd-7749bca62c8a_u_large.jpg|https://www.argenprop.com/static-content/69397861/208ec8b3-e907-49a8-b47d-ce48f539ffd2_u_large.jpg|https://www.argenprop.com/static-content/69397861/a45f90cd-73cf-462f-b01b-06d2aae03571_u_large.jpg|https://www.argenprop.com/static-content/69397861/9558f5b5-aacc-43c5-9320-5c30a54ee61e_u_large.jpg|https://www.argenprop.com/static-content/69397861/8d478ee1-c91f-40a9-a7ae-0625b55b748e_u_large.jpg|https://www.argenprop.com/static-content/69397861/8a789ff8-1624-4682-9873-476cde0dbc5f_u_large.jpg|https://www.argenprop.com/static-content/69397861/c862c730-4838-46f0-88b5-237ba7308fbd_u_large.jpg|https://www.argenprop.com/static-content/69397861/4f59ff43-7a7b-4b84-aefb-d879a511f278_u_large.jpg|https://www.argenprop.com/static-content/69397861/e690e5ec-18e0-4f0e-a40b-233a1bfea074_u_large.jpg|https://www.argenprop.com/static-content/69397861/c856f8b0-9705-4a33-88bb-0f8d978b4606_u_large.jpg|https://www.argenprop.com/static-content/69397861/d47bb222-f9b1-4e74-9c4b-bf0976cb5e79_u_large.jpg|https://www.argenprop.com/static-content/69397861/513945d4-b71f-414b-89a3-de0aa0997270_u_large.jpg|https://www.argenprop.com/static-content/69397861/88515709-09ef-47d4-83dc-8ae791241d81_u_large.jpg|https://www.argenprop.com/static-content/69397861/2ca850f0-3c6d-4e80-a03a-8427f898b118_u_large.jpg|https://www.argenprop.com/static-content/69397861/e511bfca-f95f-4f4b-86bf-76790cb9d2ac_u_large.jpg|https://www.argenprop.com/static-content/69397861/b9d672d1-62cc-4513-98e0-46ff71bbb053_u_large.jpg|https://www.argenprop.com/static-content/69397861/dfa4a1ea-8053-4e79-926a-629db22e4c57_u_large.jpg|https://www.argenprop.com/static-content/69397861/45ef3e94-9876-4b34-85cf-0ce1dea8b23d_u_large.jpg|https://www.argenprop.com/static-content/69397861/53aa4efa-d815-4f16-8dda-4ed7ff151b85_u_large.jpg|https://www.argenprop.com/static-content/69397861/87df2520-6ac2-4a61-ac7a-359e4cfbcf9c_u_large.jpg|https://www.argenprop.com/static-content/69397861/9ee25072-89a0-4f4a-b514-6ab7ad73513e_u_large.jpg|https://www.argenprop.com/static-content/69397861/30a61bc9-90ac-4e28-87cc-2d20bc20d32d_u_large.jpg|https://www.argenprop.com/static-content/69397861/330ed06d-e4cd-4920-80a9-208e6bc768a3_u_large.jpg|https://www.argenprop.com/static-content/69397861/aa8386e8-c013-4a32-88a7-571b3645463a_u_large.jpg|https://www.argenprop.com/static-content/69397861/75098f2f-52be-4333-8348-531bb1a5fa70_u_large.jpg|https://www.argenprop.com/static-content/69397861/a275007f-5618-465b-b678-aa1d09f3f4c1_u_large.jpg|https://www.argenprop.com/static-content/69397861/ae542d19-736c-4ffd-b9ae-43b8d95bcff8_u_large.jpg|https://www.argenprop.com/static-content/69397861/0b1e0414-4689-42cd-bdd2-bf24f4887459_u_large.jpg|/Content/images/argenprop/argenprop-logo.webp|https://www.argenprop.com/static-content/55715061/a2eb4891-0cf3-438d-9ad2-21b61e8affe8_u_small.jpg|https://www.argenprop.com/static-content/20302161/10565bbb-30e6-455e-9297-6ce9ad4e69b1_u_small.jpg|https://www.argenprop.com/static-content/81109861/438c08c7-a123-4d10-89c2-daa9d2a0b6c1_u_small.jpg|/content/images/data-fiscal.png|/content/images/agea.png,"{""Cant. Dormitorios:"":""3"",""Long. Frente:"":""25 m"",""Long. Fondo:"":""40 m"",""Estado:"":""Muy Bueno"",""Tipo de Techo:"":""Chapa"",""Tipo de Piso:"":""Ceramicos"",""Cant. Cocheras:"":""6"",""Orientación:"":""S"",""Tipo de Unidad:"":""Casa"",""Tipo de operación:"":""Venta"",""Precio:"":""USD 135.000""}",Comedor|Comedor diario|Dormitorio|Escritorio|Galería|Galpón|Fondo libre|Living|Agua cloaca|Agua corriente|Amoblado|Artefactos de cocina|Cable|Electricidad|Espacio para vehículo|Gas natural|Muebles de cocina|Pavimento|Termotanque|Agua corriente|Calefacción|Electricidad|Gas natural|Internet|Vigilancia|Permite Mascotas
"CALLE 10 ESQ 51 , Piso 2",74999,USD,Depto,Venta,La Plata,Centro,51,51,,,2,1,1,,$ 55.000,"Departamento todo amueblado y equipado.- Ubicado en esquina de 10 y 51, con vista a plaza moreno, ingreso con sistema de llaves codificadas, posee dos ascensores. Caracteristicas del inmueble, hall recibidor , con muebles en madera lustrada a medida. Espacio de cocina con muebles alto y bajo mesada completos. Lavadero cubierto, con termotanque e instalacion para lavarropa. Ventanal con vista sobre calle 10. Living amplio con modular hecho a medida en madera lustrada. Paso al dormitorio ( que ventila al frente) con persianas, calefaccion , pisos de parquet y placares a medida, madera lustrada, techo de yeso , excelente estado. Baño con bañera , espejo embutido, mesada de marmol, vanitory y accesorios completos. Calefaccion por radiadores, y equipo de aire acondicionado. Su valor incluye.: Juego de sillones , juego de mesa redonda con sillas, heladera, lavarropas, secarropa, cocina cuatro hornallas, dos sommiers con colchones de una plaza, comoda mesas de luz y muebles de cabecera de cama.",,,30 años,,no,no,no,no,no,si,si,https://www.argenprop.com/static-content/83789081/37ac6ae2-1555-456e-a0e3-f60daa7bf04b_u_large.jpg|https://www.argenprop.com/static-content/83789081/0d0cc3b3-0483-4b18-bd36-a9fa9b958c5d_u_large.jpg|https://www.argenprop.com/static-content/83789081/40d2ad61-3df4-46df-9a49-cc2bafb1a1a5_u_large.jpg|https://www.argenprop.com/static-content/83789081/5f53fcf5-0d68-4979-afbc-87372eff880c_u_large.jpg|https://www.argenprop.com/static-content/83789081/579ef517-b568-4718-a89f-2adb65b129f3_u_large.jpg|https://www.argenprop.com/static-content/83789081/ac77742e-934b-4475-a814-dbc7fe3c2c70_u_large.jpg|https://www.argenprop.com/static-content/83789081/3c93ae75-d774-4efb-9d71-b11666ef47a8_u_large.jpg|https://www.argenprop.com/static-content/83789081/4852c953-5680-4f90-b54b-581601185d2f_u_large.jpg|https://www.argenprop.com/static-content/83789081/87354460-d725-4f33-9714-2fc990257a4a_u_large.jpg|https://www.argenprop.com/static-content/83789081/1ae711cd-7892-4ccb-8620-8c207adf3769_u_large.jpg|https://www.argenprop.com/static-content/83789081/0be87b6c-7257-4dda-881d-f75b347bac6a_u_large.jpg|https://www.argenprop.com/static-content/83789081/88506223-56d5-4684-a6df-a683791299b8_u_large.jpg|/Content/images/argenprop/argenprop-logo.webp|https://www.argenprop.com/static-content/3184946/d796a5fe-7a58-4a6d-b811-ad6a2da3e9c6_u_small.jpg|https://www.argenprop.com/static-content/30899681/acc04665-7996-4674-8ed4-f523142bed66_u_small.jpg|https://www.argenprop.com/static-content/11607571/94b70393-c461-4564-aca5-855c7db23b5d_u_small.jpg|https://www.argenprop.com/static-content/57970671/5c64bff1-520d-4858-8917-e19a2c2f6e7a_u_small.jpg|/content/images/data-fiscal.png|/content/images/agea.png,"{""Cant. Dormitorios:"":""1"",""Estado:"":""Muy Bueno"",""Disposición:"":""Frente"",""Orientación:"":""NO"",""Tipo de Unidad:"":""Departamento"",""Tipo de operación:"":""Venta"",""Precio:"":""USD 74.999"",""Cant. Pisos:"":""9"",""Deptos. por Piso:"":""3"",""Tipo Edificio:"":""Esquina"",""Tipo Frente:"":""Cemento"",""Estado Edificio:"":""Bueno"",""Long. Frente:"":""8 m2"",""Long. Fondo:"":""25 m2""}",Cocina|Comedor|Comedor diario|Escritorio|Hall|Living|Palier|Agua caliente|Agua corriente|Ascensor|Calefacción|Gas natural|Pavimento|Calefacción|Electricidad|Gas natural|Agua corriente|Cocina|Electricidad|Gas natural|Teléfono|Ascensor
"41 ENTRE 7 Y 8 PLANTA BAJA ALA CALLE 600, Piso o",68000,USD,Depto,Venta,La Plata,Barrio Norte,48,36,,12,2,1,1,,$ 55.000,"Depto. Monoambiente amplio divisible , planta baja , con patio, ante baño, baño, placard embutido, aire acondicionado, calefaccion por caldera pleno centro de la plata . Opcion amueblado.",-34.94923,-57.90064,10 años,,no,no,no,no,no,si,si,https://www.argenprop.com/static-content/14528351/b6969c0d-8f17-421f-81ec-66581cbdd1f3_u_large.jpg|https://www.argenprop.com/static-content/14528351/f37ddc87-224a-4ad1-be6a-f483651d1eec_u_large.jpg|https://www.argenprop.com/static-content/14528351/430c541c-fc70-4cbc-9a45-b1212b128ea6_u_large.jpg|https://www.argenprop.com/static-content/14528351/8c2d88b1-583e-416a-8b1a-051680812584_u_large.jpg|https://www.argenprop.com/static-content/14528351/bbc6e13c-8b0f-469d-9a24-85db5b9a3300_u_large.jpg|https://www.argenprop.com/static-content/14528351/132c8098-ff4d-4912-9fb1-d54829bc73f5_u_large.jpg|https://www.argenprop.com/static-content/14528351/da3d0055-76a9-4f23-b2e2-4573df59d409_u_large.jpg|https://www.argenprop.com/static-content/14528351/4a59f145-bb70-42fa-a30c-6efcf5c4f95a_u_large.jpg|https://www.argenprop.com/static-content/14528351/c4d6aff0-0ff6-40a0-bacf-fc065e8a5a6d_u_large.jpg|https://www.argenprop.com/static-content/14528351/cc6c6ed5-6c53-4ba0-a8a5-53a633804b01_u_large.jpg|https://www.argenprop.com/static-content/14528351/b21b8fff-1d91-4f88-9c64-d1362e6a17d7_u_large.jpg|https://www.argenprop.com/static-content/14528351/cd9d9779-3916-4575-9ff6-cbb4a89864e4_u_large.jpg|https://www.argenprop.com/static-content/14528351/27dc818e-0798-4a55-9b73-f88f86e69d53_u_large.jpg|https://www.argenprop.com/static-content/14528351/89e00ebf-cc03-4cca-9ee0-7cf93a18056d_u_large.jpg|https://www.argenprop.com/static-content/14528351/3e928600-9da7-4eab-8e53-621746b57efd_u_large.jpg|https://www.argenprop.com/static-content/14528351/1ef40ee4-df70-4e86-8139-bb1aa3f9ec78_u_large.jpg|https://www.argenprop.com/static-content/14528351/f5f924b9-4186-4d5c-bde3-86242e721ffe_u_large.jpg|https://www.argenprop.com/static-content/14528351/3a967131-6374-420b-b841-324c0270dcfe_u_large.jpg|https://www.argenprop.com/static-content/14528351/90e69e02-b94d-4599-be07-30cc10e1f334_u_large.jpg|https://www.argenprop.com/static-content/14528351/b04f4270-6697-4df5-b255-3e781c770822_u_large.jpg|/Content/images/argenprop/argenprop-logo.webp|https://www.argenprop.com/static-content/7153316/2e1284f5-53c9-4fe3-ba35-6cd4eb755ddb_u_small.jpg|https://www.argenprop.com/static-content/92131481/de725226-b17e-4bd5-9205-80c339d393e0_u_small.jpg|https://www.argenprop.com/static-content/32311391/5cd85edb-90d3-4d44-b802-9de31c063ca0_u_small.jpg|https://www.argenprop.com/static-content/95663391/6cf66682-fa84-47e1-ac2a-9303c1a5ecfb_u_small.jpg|/content/images/data-fiscal.png|/content/images/agea.png,"{""Cant. Dormitorios:"":""1"",""Cant. Cocheras:"":""8"",""Estado:"":""Excelente"",""Disposición:"":""Frente"",""Orientación:"":""N"",""Tipo de Unidad:"":""Departamento"",""Tipo de operación:"":""Venta"",""Precio:"":""USD 68.000"",""Cant. Pisos:"":""5"",""Deptos. por Piso:"":""3"",""Tipo Edificio:"":""Entre Medianeras"",""Tipo Frente:"":""Cemento"",""Estado Edificio:"":""Muy Bueno"",""Long. Frente:"":""10 m2"",""Long. Fondo:"":""30 m2""}",Agua caliente|Agua caliente central|Agua corriente|Aire acondicionado individual|Amoblado|Cable|Caldera individual|Electricidad|Gas natural|Muebles de cocina|Teléfono|Pavimento|ABL|Agua corriente|Calefacción|Electricidad|Gas natural|Internet|Teléfono|Limpieza|Permite Mascotas|Agua corriente|Cocina|Electricidad|Gas natural|Internet|Teléfono|Video cable|Ascensor|Caldera|Termotanque
ZONA 25 Y 480,99999,USD,Casa,Venta,La Plata,Gonnet,2,2,,,3,2,1,,,"Casa en venta en city bell, dos dormitorios , baño, living . Comedor , cocina, garage cubierto y fondo. Lote 10 x 30 mts. permuta la plata- mar del plata",,,20 años,,si,no,si,no,no,si,si,https://www.argenprop.com/content/images/facebook-image.jpg|/Content/images/argenprop/argenprop-logo.webp|https://www.argenprop.com/static-content/71453141/1883f619-9f20-430f-8c22-e0d6f4d5449b_u_small.jpg|https://www.argenprop.com/static-content/86868801/a34f52fc-3736-4ee9-b548-4d5a752bf192_u_small.jpg|https://www.argenprop.com/static-content/88055371/bdb50af5-a31f-47c7-8488-2150a2a2596f_u_small.jpg|https://www.argenprop.com/static-content/07031471/d5c03ae4-1ca4-4c37-a182-86c79ff7adf3_u_small.jpg|/content/images/data-fiscal.png|/content/images/agea.png,"{""Cant. Dormitorios:"":""2"",""Long. Frente:"":""10 m"",""Long. Fondo:"":""30 m"",""Estado:"":""Bueno"",""Tipo de Unidad:"":""Casa"",""Tipo de operación:"":""Venta"",""Precio:"":""USD 99.999""}",Dormitorio|Agua cloaca|Agua corriente|Electricidad|Gas natural|Muebles de cocina|Pavimento|Agua corriente|Electricidad|Gas natural
136 e/ 64 y 65,185000,USD,Casa,Venta,La Plata,Los Hornos,3,3,,,4,3,2,,,"Casa y dos locales con losa, sobre lote de 8 x 44mts, desarrollada en planta baja, de 3 dormitorios, living, cocina, galeria cubierta, lavadero, dos baños, espacio verde amplio y galpon .",,,2 años,,no,no,no,no,no,no,si,https://www.argenprop.com/static-content/50279381/b40ba54d-1bad-411e-bb1e-025dfeef8c79_u_large.jpg|https://www.argenprop.com/static-content/50279381/d8d45f6a-e423-4604-a755-e7bcbc7ee90c_u_large.jpg|https://www.argenprop.com/static-content/50279381/cffcd5c9-0907-477f-bf13-2fc35b732718_u_large.jpg|https://www.argenprop.com/static-content/50279381/a840a2b6-cdf8-43c7-bf3f-23754bee6c2c_u_large.jpg|https://www.argenprop.com/static-content/50279381/b8c20643-02bb-423e-95fb-ddd5bf2bca5c_u_large.jpg|https://www.argenprop.com/static-content/50279381/825169a0-c5c7-4121-b468-8e18c627f4bf_u_large.jpg|https://www.argenprop.com/static-content/50279381/89584179-b1ae-484a-87c9-3d9dad6ead85_u_large.jpg|https://www.argenprop.com/static-content/50279381/467ccd2c-992f-4dbe-81f2-4715e5b3fcbe_u_large.jpg|https://www.argenprop.com/static-content/50279381/9ac7a461-6384-4943-aaec-72e264b1da3d_u_large.jpg|/Content/images/argenprop/argenprop-logo.webp|https://www.argenprop.com/static-content/89809581/3ad073a9-1abb-42f4-8e77-f1007f092e91_u_small.jpg|https://www.argenprop.com/static-content/06181091/b10d4fe7-2d06-45c3-a6ee-7abbd3035f4a_u_small.jpg|https://www.argenprop.com/static-content/71269971/76de2d06-359b-4cd5-ab69-91fea3743f5b_u_small.jpg|/content/images/data-fiscal.png|/content/images/agea.png,"{""Cant. Dormitorios:"":""3"",""Tipo de Unidad:"":""Casa"",""Tipo de operación:"":""Venta"",""Precio:"":""USD 185.000""}",Baño|Agua corriente
25 e/68 y 69,99900,USD,Casa,Venta,La Plata,Sin barrio,3,3,,,4,3,2,,,"Casa interna, en p.H. Estilo moderna, tres dormitorios con piso flotante, amplia cocina concepto abierto, oficina, patio con parque y parrilla exterior, quincho abierto.",,,15 años,,no,no,no,no,no,no,si,https://www.argenprop.com/static-content/11209281/c75e36c7-27fb-41b4-8717-fb629e1d7efd_u_large.jpg|https://www.argenprop.com/static-content/11209281/af8e4f6c-557b-469c-9f09-d790ed37f073_u_large.jpg|https://www.argenprop.com/static-content/11209281/75065dca-95aa-4833-95e7-2b6f2652e076_u_large.jpg|https://www.argenprop.com/static-content/11209281/3db347cd-93ea-42d0-be95-3d680e4d5230_u_large.jpg|https://www.argenprop.com/static-content/11209281/8dec8759-5af5-4fa8-95db-6be18cf975fe_u_large.jpg|https://www.argenprop.com/static-content/11209281/e727195a-309d-479f-8a42-d41172b63fe6_u_large.jpg|https://www.argenprop.com/static-content/11209281/63e9e7d7-ebdc-43c8-90e4-b6f364da43de_u_large.jpg|https://www.argenprop.com/static-content/11209281/ab7000fb-9604-4b46-9cc3-7aaef0986133_u_large.jpg|https://www.argenprop.com/static-content/11209281/35724b3c-3104-4742-b286-559f7e23f79a_u_large.jpg|https://www.argenprop.com/static-content/11209281/3097cb03-8227-48c3-af69-74a37ded1470_u_large.jpg|https://www.argenprop.com/static-content/11209281/26e0607a-9063-45aa-a23e-0910057ab6cc_u_large.jpg|https://www.argenprop.com/static-content/11209281/dcc3a464-d8dc-4113-9e33-48e288d836df_u_large.jpg|https://www.argenprop.com/static-content/11209281/49c66b60-ed33-4d26-9632-de5f25888cb5_u_large.jpg|https://www.argenprop.com/static-content/11209281/4717ec9e-8a7e-4693-8ad2-c2f01940d4a1_u_large.jpg|/Content/images/argenprop/argenprop-logo.webp|https://www.argenprop.com/static-content/19951621/d7cf31be-c769-48e0-ae9b-7f0bb009d648_u_small.jpg|https://www.argenprop.com/static-content/82471341/23b25c59-de43-4e0d-906f-f9aa293bb91f_u_small.jpg|https://www.argenprop.com/static-content/04834531/6a68b010-4ddd-478b-8054-858bee414b27_u_small.jpg|https://www.argenprop.com/static-content/18088611/4af6d5e0-2b9e-49e3-b6b8-826e19ddde90_u_small.jpg|/content/images/data-fiscal.png|/content/images/agea.png,"{""Cant. Dormitorios:"":""3"",""Estado:"":""Excelente"",""Tipo de Techo:"":""Chapa"",""Tipo de Piso:"":""Flotante y ceramicos"",""Tipo de Vista:"":""Vista ciudad"",""Tipo de Unidad:"":""Casa"",""Tipo de operación:"":""Venta"",""Precio:"":""USD 99.900""}",Agua cloaca|Agua corriente|Agua corriente|Electricidad|Gas natural|Permite Mascotas
Calle 55 ENTRE 9 Y 10 700,,USD,Terreno,Venta,La Plata,Sin barrio,300,8,,,2,0,1,,,"Lote pleno centro de la plata, medidas 7,50 x 40 con fos 0,6 y fot 2,5 apto para edificaciones hasta 8 niveles ideal constructor/inversor se evalúa tomar permuta",-34.91982,-57.94881,,,no,no,no,no,no,no,si,https://www.argenprop.com/static-content/28545671/2e542fea-0409-44fe-9bd6-93300dd74a30_u_large.jpg|/Content/images/argenprop/argenprop-logo.webp|https://www.argenprop.com/static-content/59227381/1787886a-7aa8-4a23-854e-b614aab2b582_u_small.jpg|https://www.argenprop.com/static-content/69392541/0de8b27d-0c2d-4dd6-ad57-83a18d258a03_u_small.jpg|https://www.argenprop.com/static-content/79392541/f3b95080-4a55-4b78-ac1c-0537e70f9710_u_small.jpg|https://www.argenprop.com/static-content/89392541/435ece98-a653-4455-8e95-0860f2ac051b_u_small.jpg|/content/images/data-fiscal.png|/content/images/agea.png,"{""Long. Frente:"":""8 m"",""Long. Fondo:"":""40 m"",""Tipo de : Terreno"":""Terreno"",""Tipo de Pendiente:"":""Plana"",""Sup. Construible:"":""200 m2""}",Agua cloaca|Agua corriente|Electricidad|Pavimento|Agua corriente|Electricidad|Gas natural
134 ESQ 61 casa con local 1400,160000,USD,Casa,Venta,La Plata,Los Hornos,300,200,200,100,6,5,2,2,,Casa 2 plantas excelente estado detalles de categoría - permuta - toma valores consultas y visitas,-34.908195,-57.97207,15 años,,si,no,si,si,no,no,si,https://www.argenprop.com/static-content/63929671/ef66fd6f-44ec-4d58-a8b9-f9188a8f0d59_u_large.jpg|https://www.argenprop.com/static-content/63929671/a73690dd-722b-4b9a-8a80-5777fbde48e1_u_large.jpg|https://www.argenprop.com/static-content/63929671/f5fcc28a-f918-45cc-acd6-18e302f5f4e5_u_large.jpg|https://www.argenprop.com/static-content/63929671/a03dd1c1-6585-48e7-aac9-353247c7cd10_u_large.jpg|https://www.argenprop.com/static-content/63929671/7ae13455-de7b-4dca-b695-a938dd63390a_u_large.jpg|https://www.argenprop.com/static-content/63929671/241e4807-e7e5-4359-9ce1-e3e716262805_u_large.jpg|https://www.argenprop.com/static-content/63929671/08880c3d-3a9e-48ab-ae90-7b8f53aeb56e_u_large.jpg|https://www.argenprop.com/static-content/63929671/6ce04aa4-5cdb-4837-b33f-3cb3023a1142_u_large.jpg|https://www.argenprop.com/static-content/63929671/328c16dc-ab4b-4d92-91af-e381c698c5db_u_large.jpg|https://www.argenprop.com/static-content/63929671/64b63e30-f385-47a9-8d1b-25523ec11fab_u_large.jpg|https://www.argenprop.com/static-content/63929671/75fec8b3-2312-459d-8d78-7154ea7cbb5b_u_large.jpg|https://www.argenprop.com/static-content/63929671/ebacc404-6b73-4ab4-b157-acf1670a8189_u_large.jpg|https://www.argenprop.com/static-content/63929671/a351526c-510f-4d90-9684-ae8726b65cef_u_large.jpg|https://www.argenprop.com/static-content/63929671/ca9940b2-4205-4714-89f3-3e4a6b10d691_u_large.jpg|https://www.argenprop.com/static-content/63929671/65ed7342-8c9b-47f0-99e8-90445271aad2_u_large.jpg|https://www.argenprop.com/static-content/63929671/1d8f5cc6-ebca-4819-9967-36dedda82408_u_large.jpg|https://www.argenprop.com/static-content/63929671/c8753a6e-6ee5-44c7-baf4-08d091fe76ad_u_large.jpg|https://www.argenprop.com/static-content/63929671/63c6f95c-aea2-4a43-8bc1-eda394ee5dc7_u_large.jpg|https://www.argenprop.com/static-content/63929671/43592b7d-89ce-4ac9-9c71-8f6af98523ed_u_large.jpg|https://www.argenprop.com/static-content/63929671/24c66f9e-dcf4-4b79-aee0-9e5f851f72c7_u_large.jpg|https://www.argenprop.com/static-content/63929671/3cf4cf7a-e786-4b90-b613-2da3e95d341b_u_large.jpg|https://www.argenprop.com/static-content/63929671/d2fb3b13-e6d8-4da3-94e1-7d0559b95bf2_u_large.jpg|https://www.argenprop.com/static-content/63929671/b6214ccf-5cd1-491d-a5ec-f55f44e58485_u_large.jpg|https://www.argenprop.com/static-content/63929671/f3eff756-33e9-4355-8e37-e5f3a4ce9fd7_u_large.jpg|https://www.argenprop.com/static-content/63929671/49983242-286e-464c-990c-bd33312e00af_u_large.jpg|https://www.argenprop.com/static-content/63929671/8ae3dd56-52f9-4b0e-ae9f-d6b9ae5aa7e0_u_large.jpg|https://www.argenprop.com/static-content/63929671/21bb8dfd-7746-451a-910e-1bb212c8cb33_u_large.jpg|/Content/images/argenprop/argenprop-logo.webp|https://www.argenprop.com/static-content/4351158/78f31da9-a6b3-464e-8d19-3686b0affc86_u_small.jpg|https://www.argenprop.com/static-content/3322298/eec470ae-b836-41f9-a23b-b9c3ae9b855f_u_small.jpg|https://www.argenprop.com/static-content/8737466/0f80c03d-6efd-4937-a403-9f0c98d88276_u_small.jpg|https://www.argenprop.com/static-content/84315291/ad577a9c-cdf4-4d3b-abf2-8a7f308d8762_u_small.jpg|/content/images/data-fiscal.png|/content/images/agea.png,"{""Cant. Dormitorios:"":""5"",""Long. Frente:"":""10 m"",""Long. Fondo:"":""20 m"",""Estado:"":""Excelente"",""Tipo de Techo:"":""Chapa"",""Tipo de Piso:"":""Flotante y ceramicos"",""Cant. Cocheras:"":""2"",""Orientación:"":""S"",""Tipo de Unidad:"":""Casa"",""Tipo de operación:"":""Venta"",""Precio:"":""USD 160.000""}",Cocina|Baño|Comedor diario|Escritorio|Hall|Fondo libre|Lavadero|Living|Patio|Agua cloaca|Agua corriente|Electricidad|Gas natural|Pavimento|Termotanque|Agua corriente|Electricidad|Gas natural|Permite Mascotas
63 2000,180000,USD,Casa,Venta,La Plata,Los Hornos,520,220,400,300,5,3,3,2,,Importante chalet 2 plantas techo de tejas fondo pileta detalles categoria . Toma valores,-34.92049,-57.95357,20 años,,si,no,si,no,no,si,si,https://www.argenprop.com/static-content/7593609/6651a787-9532-4a33-9b37-d02a5fce17bb_u_large.jpg|https://www.argenprop.com/static-content/7593609/91eff1bc-241e-41e0-9686-ff0519fe9df6_u_large.jpg|https://www.argenprop.com/static-content/7593609/68e8bf31-1c22-42a0-8a6c-8884c9a7b6db_u_large.jpg|https://www.argenprop.com/static-content/7593609/cab28dd2-9c5e-4981-ab12-65901804fd43_u_large.jpg|https://www.argenprop.com/static-content/7593609/1c23ea7b-163e-47a5-a354-c58f75966cf0_u_large.jpg|https://www.argenprop.com/static-content/7593609/5049b4ce-95ad-4289-bbb9-bb3875149a97_u_large.jpg|https://www.argenprop.com/static-content/7593609/31dc5f4a-760a-4aa4-a3ba-c027ece179d7_u_large.jpg|https://www.argenprop.com/static-content/7593609/db5696da-7f2a-406e-b81b-b43396d67af8_u_large.jpg|https://www.argenprop.com/static-content/7593609/2dfa14d5-95ff-42b5-8f29-a3ce7f3b85a8_u_large.jpg|https://www.argenprop.com/static-content/7593609/552712f6-fa8d-4122-8c6b-b8737bb871e6_u_large.jpg|https://www.argenprop.com/static-content/7593609/60706af9-a5dc-4a9a-8bbf-a0e2ce00a22b_u_large.jpg|https://www.argenprop.com/static-content/7593609/58e753af-5276-4c75-b317-17883c86a577_u_large.jpg|https://www.argenprop.com/static-content/7593609/8ec646eb-d2e1-45ce-92c2-8b361e42c94c_u_large.jpg|https://www.argenprop.com/static-content/7593609/49ca0c24-226c-4e07-8676-9ecc7f9e01a8_u_large.jpg|https://www.argenprop.com/static-content/7593609/2d75724b-c116-48f5-a504-13ecefb82bb6_u_large.jpg|https://www.argenprop.com/static-content/7593609/154ff5b6-9680-4092-a9ab-82241932419e_u_large.jpg|https://www.argenprop.com/static-content/7593609/354850d7-5805-470e-8a85-4100fbe08600_u_large.jpg|https://www.argenprop.com/static-content/7593609/050f689f-7ba3-4b81-bf32-870754b1b148_u_large.jpg|https://www.argenprop.com/static-content/7593609/e2b236f5-26fe-40ee-a280-5c6f0b8f28ea_u_large.jpg|/Content/images/argenprop/argenprop-logo.webp|https://www.argenprop.com/static-content/4351158/78f31da9-a6b3-464e-8d19-3686b0affc86_u_small.jpg|https://www.argenprop.com/static-content/3322298/eec470ae-b836-41f9-a23b-b9c3ae9b855f_u_small.jpg|https://www.argenprop.com/static-content/8737466/0f80c03d-6efd-4937-a403-9f0c98d88276_u_small.jpg|https://www.argenprop.com/static-content/35920181/6ba97276-ad36-4f18-935a-c0b54f0879c6_u_small.jpg|/content/images/data-fiscal.png|/content/images/agea.png,"{""Cant. Dormitorios:"":""3"",""Long. Frente:"":""9 m"",""Long. Fondo:"":""40 m"",""Estado:"":""Excelente"",""Tipo de Techo:"":""Teja"",""Tipo de Piso:"":""Flotante y ceramicos"",""Cant. Cocheras:"":""5"",""Orientación:"":""S"",""Tipo de Unidad:"":""Casa"",""Tipo de operación:"":""Venta"",""Precio:"":""USD 180.000""}",Baño|Comedor|Comedor diario|Escritorio|Hall|Lavadero|Living|Playroom|Suite|Agua cloaca|Agua corriente|Aire acondicionado central|Aire acondicionado individual|Aire caliente|Artefactos de cocina|Cable|Calefacción tiro balanceado|Electricidad|Gas natural|Hidromasaje|Muebles de cocina|Termotanque|Agua corriente|Calefacción|Electricidad|Gas natural|Internet|Teléfono|Vigilancia
Avenida 60 e/ 151 y 152,200000,USD,Negocio Especial,Venta,La Plata,Los Hornos,0,0,,,2,0,1,,,"Geriatrico, 22 camas , 12 dormitorios, 6 baños. 300 mts cuadrados.",,,,,no,no,no,no,no,no,no,https://www.argenprop.com/static-content/58359281/1b83e94c-3d70-42b4-a45c-75edb39bc33a_u_large.jpg|/Content/images/argenprop/argenprop-logo.webp|https://www.argenprop.com/static-content/07474191/c4535b49-0f99-44d5-bc1d-65c642a428d2_u_small.jpg|/content/images/data-fiscal.png|/content/images/agea.png,"{""Detalle:"":""GERIATRICO"",""Precio:"":""USD 200.000""}",
Avenida 60 30 y 31 2300,175000,USD,Casa,Venta,La Plata,Sin barrio,420,220,414,200,5,4,1,2,,"Casa sobre lote 9 x 48 características:4 dormitorios, garaje, living comedor, 2 baños, quincho, pileta, parrilla toma permuta menor.",-34.94301,-57.96516,50 años,,si,no,si,no,si,no,si,https://www.argenprop.com/static-content/73155441/458ee1e5-db20-4480-a745-2e35e06693de_u_large.jpg|https://www.argenprop.com/static-content/73155441/3b63993e-07e0-453b-9306-525e308f5cd9_u_large.jpg|https://www.argenprop.com/static-content/73155441/386fd45a-fea0-4915-a6ef-85a2a0a3a9d1_u_large.jpg|https://www.argenprop.com/static-content/73155441/7cfa7f3f-a837-4919-b92a-ca67619c0642_u_large.jpg|https://www.argenprop.com/static-content/73155441/7dae26cc-e241-44b3-9f4e-0432b5b6a84a_u_large.jpg|/Content/images/argenprop/argenprop-logo.webp|https://www.argenprop.com/static-content/55377451/1212f592-d8a2-453a-b859-f176076ce447_u_small.jpg|https://www.argenprop.com/static-content/14213551/fc7df0d6-3db5-4323-88ac-d64010c07c77_u_small.jpg|https://www.argenprop.com/static-content/18460851/c664027e-fb33-43b4-a250-f04f9255a844_u_small.jpg|https://www.argenprop.com/static-content/46404851/0f3b84ea-605f-45eb-b6bc-5e0be5a2a3d9_u_small.jpg|/content/images/data-fiscal.png|/content/images/agea.png,"{""Cant. Dormitorios:"":""4"",""Long. Frente:"":""9 m"",""Long. Fondo:"":""48 m"",""Estado:"":""Muy Bueno"",""Tipo de Techo:"":""Chapa"",""Tipo de Piso:"":""Ceramicos y Baldosas"",""Cant. Cocheras:"":""1"",""Orientación:"":""S"",""Tipo de Unidad:"":""Casa"",""Tipo de operación:"":""Venta"",""Precio:"":""USD 175.000""}",Dependencia|Dependencia|Dormitorio|Galería|Fondo libre|Agua cloaca|Agua corriente|Aire caliente|Artefactos de cocina|Cable|Calefacción tiro balanceado|Electricidad|Gas natural|Muebles de cocina|Pavimento|Termotanque|Agua corriente|Electricidad|Gas natural|Permite Mascotas
Cerca de Av 137 y calle 56,78000,USD,Casa,Venta,La Plata,Los Hornos,5,5,,,5,2,2,2,,"Lote 8,66 x 36 mts cerca de av 137 y calle 56 cuenta con construcción en 2 plantas tipo dúplex con habitación y baño. Además casa alpina con cocina comedor en planta baja, baño amplios y 2 dormitorios en planta alta. Parque con frutales y en su lateral, espacio de guardacoche techado. Acepta permuta de menor valor en la plata. Ambos inmuebles en excelente estado.",,,2 años,,no,no,no,no,no,no,si,https://www.argenprop.com/static-content/51087291/f0df94d8-a641-401a-854f-2dedf3f8961b_u_large.jpg|https://www.argenprop.com/static-content/51087291/3d4e56d2-672b-4b7d-b608-24b431289615_u_large.jpg|https://www.argenprop.com/static-content/51087291/0e105df1-f27e-4c16-bb80-eab3752dd9a9_u_large.jpg|https://www.argenprop.com/static-content/51087291/6f633e71-f327-4e26-bc54-0b4a5d5b51f1_u_large.jpg|https://www.argenprop.com/static-content/51087291/1ed0b953-50be-48d1-9ed6-4485fb6598f3_u_large.jpg|https://www.argenprop.com/static-content/51087291/d77e08bb-3f09-48ca-8e13-3a1b4363da40_u_large.jpg|https://www.argenprop.com/static-content/51087291/f20a3f0a-2757-4bf4-9fb4-eed768a86b9f_u_large.jpg|https://www.argenprop.com/static-content/51087291/90dd55af-f34b-4fbe-b4e0-7a8a3535bd12_u_large.jpg|/Content/images/argenprop/argenprop-logo.webp|https://www.argenprop.com/static-content/90311391/88a45878-ccf2-4fe8-8851-716cf1e26adb_u_small.jpg|https://www.argenprop.com/static-content/10213391/273bce12-6ec4-4bc7-ac31-0d820f9bbd53_u_small.jpg|https://www.argenprop.com/static-content/12979391/1bace0d8-f36f-43e3-99f6-8c77b9be21d6_u_small.jpg|https://www.argenprop.com/static-content/11874191/19f114b5-71f0-4fc9-b920-e60ab4604e95_u_small.jpg|/content/images/data-fiscal.png|/content/images/agea.png,"{""Cant. Dormitorios:"":""2"",""Estado:"":""Excelente"",""Cant. Cocheras:"":""1"",""Tipo de Unidad:"":""Casa"",""Tipo de operación:"":""Venta"",""Precio:"":""USD 78.000""}",Permite Mascotas
Cerca de Av 137 y calle 56,55000,USD,Terreno,Venta,La Plata,Los Hornos,456,456,,,2,0,1,,,"8,66 x 53 mts cerca de av 137 y calle 56 cuenta con depósito recientemente instalado con servicio de electricidad lote libre y cerrado",,,,,no,no,no,no,no,no,no,https://www.argenprop.com/static-content/99087291/55c99820-efca-45a0-a178-359e7a2f4da6_u_large.jpg|https://www.argenprop.com/static-content/99087291/4fa4b2f2-7bd8-40ff-88eb-f658bb09cc15_u_large.jpg|/Content/images/argenprop/argenprop-logo.webp|/content/images/data-fiscal.png|/content/images/agea.png,"{""Precio:"":""USD 55.000""}",
Sobre Avenida 60,230000,USD,Negocio Especial,Venta,La Plata,Los Hornos,0,0,,,2,0,1,,,"Local en venta ubicación: los hornos, sobre avenida 60 características: planta baja: cubierta, funcionando actualmente negocio y panadería, 280 metros.Posee horno de ladrillo de barro funcionando. Planta alta: vivienda techada a terminar, 105 metros cubiertos total cubierto: 385 metros consulte paola comesaña propiedades colegiado 7470 /",,,,,no,no,no,no,no,no,no,https://www.argenprop.com/static-content/07474191/c4535b49-0f99-44d5-bc1d-65c642a428d2_u_large.jpg|https://www.argenprop.com/static-content/07474191/35c7cb47-547c-4a7f-90f5-5a464dcba4d8_u_large.jpg|https://www.argenprop.com/static-content/07474191/885cde38-def3-44ea-8ee3-825c63888720_u_large.jpg|/Content/images/argenprop/argenprop-logo.webp|https://www.argenprop.com/static-content/58359281/1b83e94c-3d70-42b4-a45c-75edb39bc33a_u_small.jpg|/content/images/data-fiscal.png|/content/images/agea.png,"{""Precio:"":""USD 230.000""}",
"1 esquina 520 1300, Piso 1",46000,USD,Depto,Venta,La Plata,Tolosa,94,69,,25,5,3,1,,,Importante piso con cochera propia y patio lavadero planta baja . Planta alta 3 dor baño cocina cocinar amplio living comedor . Galeria cubierta sin expensas. Contado 55.000 dolares permuta casa o dto. En permuta 70.000 dolares,-34.89135,-57.98365,30 años,,no,no,no,si,no,si,si,https://www.argenprop.com/static-content/62560111/24fbd33d-98c3-41b5-9d0e-081b79851a24_u_large.jpg|https://www.argenprop.com/static-content/62560111/01afba0c-e134-4e67-a189-d0285196b7a0_u_large.jpg|https://www.argenprop.com/static-content/62560111/a52eec2f-a33b-454b-95ff-4e29f8efe478_u_large.jpg|https://www.argenprop.com/static-content/62560111/d3fc324f-9b44-4c55-9c32-806907f381cf_u_large.jpg|https://www.argenprop.com/static-content/62560111/7c64d4c7-96d2-4795-ba1b-088b194ea409_u_large.jpg|https://www.argenprop.com/static-content/62560111/724a1985-a43e-4030-99ed-600d9d38e791_u_large.jpg|https://www.argenprop.com/static-content/62560111/84b88212-f21f-4702-b392-4c179742b247_u_large.jpg|https://www.argenprop.com/static-content/62560111/6f6cb0f7-6618-4ec8-9b19-b7857fdf93e1_u_large.jpg|https://www.argenprop.com/static-content/62560111/33ffbef2-f111-4fd4-8b83-5b902da73305_u_large.jpg|https://www.argenprop.com/static-content/62560111/388309ff-4f98-4e56-9ea1-98b5f6e9bdd6_u_large.jpg|https://www.argenprop.com/static-content/62560111/b5edd2db-a02e-4b2f-bbe5-fe92c89bac82_u_large.jpg|https://www.argenprop.com/static-content/62560111/7b484f44-778b-4fbf-a2ff-a759d99bef49_u_large.jpg|https://www.argenprop.com/static-content/62560111/85342c2c-f9f9-48b1-9210-d3df361f8d9b_u_large.jpg|https://www.argenprop.com/static-content/62560111/64a3213c-77b2-4940-b9b1-0398c91f890b_u_large.jpg|https://www.argenprop.com/static-content/62560111/f03ff31f-204a-445e-a83f-f4fb16ed175e_u_large.jpg|https://www.argenprop.com/static-content/62560111/6fee74f3-d790-45d2-a605-ae1c6a646177_u_large.jpg|https://www.argenprop.com/static-content/62560111/8c585380-d85e-453b-b178-2502969bb0f3_u_large.jpg|/Content/images/argenprop/argenprop-logo.webp|https://www.argenprop.com/static-content/39162951/c043ec03-6fc5-47a5-8484-fe5d1aa3fa1c_u_small.jpg|https://www.argenprop.com/static-content/59357261/915b84c7-2499-494e-8b8d-205cdceace74_u_small.jpg|https://www.argenprop.com/static-content/75443191/a6d1a7e2-821b-433e-9dff-375da10d91ca_u_small.jpg|https://www.argenprop.com/static-content/78116681/2307451b-abb2-4ad6-b12a-1fe1cc11972d_u_small.jpg|/content/images/data-fiscal.png|/content/images/agea.png,"{""Cant. Dormitorios:"":""3"",""Cant. Cocheras:"":""1"",""Estado:"":""Excelente"",""Disposición:"":""Frente"",""Orientación:"":""S"",""Tipo de Balcón:"":""Terraza"",""Tipo de Unidad:"":""Piso"",""Tipo de operación:"":""Venta"",""Precio:"":""USD 46.000"",""Cant. Pisos:"":""1"",""Deptos. por Piso:"":""1"",""Tipo Edificio:"":""Esquina"",""Tipo Frente:"":""Ladrillo"",""Estado Edificio:"":""Muy Bueno"",""Long. Frente:"":""10 m2"",""Long. Fondo:"":""15 m2""}",Cocina|Comedor|Hall|Living|Palier|Patio|Agua caliente|Agua corriente|Electricidad|Gas envasado|Gas natural|Termotanque|Pavimento|Agua corriente|Electricidad|Gas natural|Internet|Teléfono|Permite Mascotas|Agua corriente|Electricidad|Gas natural|Internet|Aire acondicionado central|Espacio para vehículo|Termotanque
BOSQUES PERALTA RAMOS,190000,USD,Casa,Venta,Mar del Plata,Barrio Colinas de Peralta Ramos,710,260,600,450,4,3,2,2,,Bosques peralta ramos chalet 2 plantas amplias dependencias amplio parque casa 3 niveles detalles de categoria aberturas de madera hecha a medidas retasada agosto 2.024 vendo por viaje,,,25 años,,si,si,si,si,no,si,no,https://www.argenprop.com/static-content/48032161/17cf6b30-ee9d-478a-88b9-2d1c6ed33316_u_large.jpg|https://www.argenprop.com/static-content/48032161/1b58744e-a65d-4b70-940d-54b4771614cd_u_large.jpg|https://www.argenprop.com/static-content/48032161/44db9751-41ea-4786-9290-e87dd230622e_u_large.jpg|https://www.argenprop.com/static-content/48032161/3db619f4-7f15-4d2f-b997-aa8f6d260021_u_large.jpg|https://www.argenprop.com/static-content/48032161/3aa371a7-3cfe-492a-a7b0-52d35d0a0cfa_u_large.jpg|https://www.argenprop.com/static-content/48032161/82470c62-fa8d-41fd-b682-247658847121_u_large.jpg|https://www.argenprop.com/static-content/48032161/2fb9b6b7-33a8-4961-bcda-84c4fb0d7dfe_u_large.jpg|https://www.argenprop.com/static-content/48032161/29b8d08c-fe8d-4caa-b9e8-0a46c0632fef_u_large.jpg|https://www.argenprop.com/static-content/48032161/64e5e7ad-e217-4242-bde0-0604dd5e2d4f_u_large.jpg|https://www.argenprop.com/static-content/48032161/951ccb95-eef4-41cc-8db6-1855451db0c8_u_large.jpg|https://www.argenprop.com/static-content/48032161/a716ff15-32a1-485a-837e-b119b11dc681_u_large.jpg|https://www.argenprop.com/static-content/48032161/5604c6fb-460b-4eb4-96b5-5619b817ccb2_u_large.jpg|https://www.argenprop.com/static-content/48032161/cf430835-9ff6-4633-b917-1a263ae1120d_u_large.jpg|https://www.argenprop.com/static-content/48032161/883bc694-8b47-44aa-8c1f-d204e8bcb2e2_u_large.jpg|https://www.argenprop.com/static-content/48032161/7d4ed815-c898-4821-8951-4193ac78c63f_u_large.jpg|https://www.argenprop.com/static-content/48032161/03d6b1dc-3933-46e3-9002-5a4a8e2fdf98_u_large.jpg|https://www.argenprop.com/static-content/48032161/0182b941-e1dd-46e1-b4ed-be7b0706e4dc_u_large.jpg|https://www.argenprop.com/static-content/48032161/202ded1d-0a51-430b-89d2-330f00f888e2_u_large.jpg|https://www.argenprop.com/static-content/48032161/ab295f88-e231-44ec-8375-ec210f5d9795_u_large.jpg|https://www.argenprop.com/static-content/48032161/5e7efdc3-d813-40af-af32-f471e46b5bf1_u_large.jpg|https://www.argenprop.com/static-content/48032161/e4e12922-2f9e-4dd0-b9c8-c096a6954b60_u_large.jpg|https://www.argenprop.com/static-content/48032161/d5677c96-6fa9-421a-b46d-aa1ada7df7fe_u_large.jpg|https://www.argenprop.com/static-content/48032161/ad163ea7-71fb-4e20-a9ea-7faa23eddf28_u_large.jpg|https://www.argenprop.com/static-content/48032161/891d6da9-2d35-45a9-aa65-719170d757f3_u_large.jpg|https://www.argenprop.com/static-content/48032161/d071176a-4f8d-4181-a731-00f827026a49_u_large.jpg|https://www.argenprop.com/static-content/48032161/a39f7fe7-a739-45b6-94a9-16f3c9f47fbf_u_large.jpg|https://www.argenprop.com/static-content/48032161/1d47e371-ebde-4cf3-a600-5d9ccdf63a86_u_large.jpg|https://www.argenprop.com/static-content/48032161/618d98b3-1ddd-4384-bc51-c5ea680e5110_u_large.jpg|/Content/images/argenprop/argenprop-logo.webp|https://www.argenprop.com/static-content/5031738/a7e30e54-9e5d-4496-896c-4bd3440be213_u_small.jpg|https://www.argenprop.com/static-content/47869661/b055fd63-baa4-4c34-a23e-97c833952c9d_u_small.jpg|https://www.argenprop.com/static-content/64747271/ee98ac28-b0a4-4cf1-adfc-00d27045867c_u_small.jpg|https://www.argenprop.com/static-content/07968271/01268924-37ac-459b-88dc-dd5a95c4137b_u_small.jpg|/content/images/data-fiscal.png|/content/images/agea.png,"{""Cant. Dormitorios:"":""3"",""Long. Frente:"":""20 m"",""Long. Fondo:"":""30 m"",""Tipo de Piso:"":""Flotante y ceramicos"",""Cant. Cocheras:"":""6"",""Orientación:"":""S"",""Tipo de Costa:"":""Costa mar"",""Tipo de Unidad:"":""Chalet"",""Tipo de operación:"":""Venta"",""Precio:"":""USD 190.000""}",Altillo|Cocina|Baño|Bar|Biblioteca|Bodega|Comedor|Comedor diario|Cuarto de plancha|Dependencia de servicio|Dormitorio|Entrepiso|Escritorio|Estudio|Galería|Fondo libre|Lavadero|Living|Sótano|Suite|Agua cloaca|Agua corriente|Aire caliente|Cable|Calefacción|Desayunador|Electricidad|Gas natural|Muebles de cocina|Agua corriente|Electricidad|Gas natural|Vigilancia|Permite Mascotas
ZONA 202 e/ 44 y 43 900,140000,USD,Galpon,Venta,La Plata,Lisandro Olmos,540,240,,300,2,0,2,1,,Importante galpon zona centro de olmos consultas paola comesaña propiedades,-34.920494,-57.953568,20 años,,no,no,no,no,no,no,no,https://www.argenprop.com/static-content/83151761/d3827b9f-4f0f-4102-88ed-23cba63b6340_u_large.jpg|https://www.argenprop.com/static-content/83151761/a8834b0e-ee1f-4990-84ba-beb76cd6c2a9_u_large.jpg|https://www.argenprop.com/static-content/83151761/4610943f-cd03-4f4a-b99e-2ec18ef6fbf2_u_large.jpg|https://www.argenprop.com/static-content/83151761/1290cd8a-5f28-40b9-8374-166d6839e61d_u_large.jpg|https://www.argenprop.com/static-content/83151761/1efc69e5-f517-44ad-af3a-51bad124530e_u_large.jpg|https://www.argenprop.com/static-content/83151761/7cd92c71-272d-467d-b943-aa106c7ce919_u_large.jpg|https://www.argenprop.com/static-content/83151761/78f5b64f-e8e5-4a27-ae13-4b8d0e97d9f2_u_large.jpg|https://www.argenprop.com/static-content/83151761/5d0a2e65-5cd9-42bb-ab86-0f11cd7d7067_u_large.jpg|https://www.argenprop.com/static-content/83151761/0110bd74-a570-4d4f-9bf1-08e108e08064_u_large.jpg|https://www.argenprop.com/static-content/83151761/721c6c5f-0da3-48c2-88ed-b9bc76d7bc73_u_large.jpg|/Content/images/argenprop/argenprop-logo.webp|https://www.argenprop.com/static-content/32997691/d6638eb3-476c-46e0-a4ab-dc693c1de6d5_u_small.jpg|/content/images/data-fiscal.png|/content/images/agea.png,"{""Long. Frente:"":""17,50 m"",""Altura del techo:"":""5 m"",""Estado:"":""Muy Bueno"",""Cant. de oficinas:"":""1"",""Tipo de Portón:"":""Corredizo"",""Tipo de Calefacción:"":""Individual"",""Ancho de la entrada:"":""15 m"",""Alto de la entrada:"":""3 m"",""Cant. Columnas:"":""2"",""Cant. Naves:"":""1"",""Tipo de operación:"":""Venta"",""Precio:"":""USD 140.000"",""Sup. Playa:"":""450 m2""}",Agua corriente|Electricidad|Gas envasado|Agua corriente|Electricidad|Gas natural|Luz eléctrica|Portón|Tanque de agua
BOLIVAR Y ENTRE RIOS,129000,USD,Depto,Venta,Mar del Plata,Centro,60,55,,5,4,2,2,,$ 75.000,Muy amplio dto con dependencias de servicio mts bingo permuta casa en la zona,,,40 años,,no,si,no,no,no,si,si,https://www.argenprop.com/static-content/4422489/6769e8b7-0128-49fb-898d-bddce7bd57af_u_large.jpg|https://www.argenprop.com/static-content/4422489/813b03be-44c8-449f-8b6b-14855218c906_u_large.jpg|https://www.argenprop.com/static-content/4422489/a6b3bbcb-1dba-46fc-b8dd-ad7a10d7b77c_u_large.jpg|https://www.argenprop.com/static-content/4422489/0f64563d-d807-4191-93ca-82bd3bc1b04f_u_large.jpg|https://www.argenprop.com/static-content/4422489/fe1ffd88-9aa5-43c8-bc79-9c1f16f33857_u_large.jpg|https://www.argenprop.com/static-content/4422489/e37763cf-871f-4952-966c-5d7f4a5024c3_u_large.jpg|https://www.argenprop.com/static-content/4422489/53c5a25f-2c29-440d-8aaa-8b638d208379_u_large.jpg|https://www.argenprop.com/static-content/4422489/2ed10c8c-433f-49ef-9a11-9342e66c830d_u_large.jpg|https://www.argenprop.com/static-content/4422489/d4120b30-0264-4779-a2b2-e6f2d11a5440_u_large.jpg|https://www.argenprop.com/static-content/4422489/fb539d9f-1ee3-4340-8632-b0d17cf98995_u_large.jpg|https://www.argenprop.com/static-content/4422489/795d8246-0d00-40b3-85e6-c34cf36b3242_u_large.jpg|https://www.argenprop.com/static-content/4422489/f402d408-12bf-4dc2-b01f-4cfb84edc82c_u_large.jpg|https://www.argenprop.com/static-content/4422489/222459c8-9975-4b47-bb0e-d6faeb0ec09e_u_large.jpg|https://www.argenprop.com/static-content/4422489/68a56309-99ab-443c-8e49-c7e62b6cbd81_u_large.jpg|https://www.argenprop.com/static-content/4422489/6e89bc33-ffa0-45d6-b457-0393f671ac0d_u_large.jpg|https://www.argenprop.com/static-content/4422489/fe3d6c44-5b99-440c-8409-d2a9aa9fed1c_u_large.jpg|https://www.argenprop.com/static-content/4422489/cbec51d5-361d-4ad3-a404-67ef4d881c7d_u_large.jpg|https://www.argenprop.com/static-content/4422489/b1eba0b6-9a6d-4fe4-b643-51bd58076bc4_u_large.jpg|https://www.argenprop.com/static-content/4422489/c2c115c4-52b1-49d2-8554-272560d7cafd_u_large.jpg|https://www.argenprop.com/static-content/4422489/85605c75-f748-4543-beac-e0ed93819354_u_large.jpg|https://www.argenprop.com/static-content/4422489/477a1d1c-304a-4937-8359-3ff5972798f1_u_large.jpg|https://www.argenprop.com/static-content/4422489/f0f9af3f-e95b-4ea1-b0bb-1ff6da83705f_u_large.jpg|/Content/images/argenprop/argenprop-logo.webp|https://www.argenprop.com/static-content/75530481/f9206a91-e43c-4485-9759-92bc4d431e5e_u_small.jpg|https://www.argenprop.com/static-content/16462481/da04804b-6bd8-4ce9-aaa1-36fc595a81a2_u_small.jpg|https://www.argenprop.com/static-content/94835481/6098596c-afb8-451b-b438-90757d407590_u_small.jpg|https://www.argenprop.com/static-content/25156481/37c303f3-099b-48b3-98f0-cda090ec2f47_u_small.jpg|/content/images/data-fiscal.png|/content/images/agea.png,"{""Cant. Dormitorios:"":""2"",""Estado:"":""Muy Bueno"",""Disposición:"":""Frente"",""Orientación:"":""S"",""Tipo de Balcón:"":""Terraza"",""Tipo de Costa:"":""Costa mar"",""Tipo de Vista:"":""Vista ciudad"",""Tipo de Piso:"":""Flotante y ceramicos"",""Tipo de Unidad:"":""Departamento"",""Tipo de operación:"":""Venta"",""Precio:"":""USD 129.000"",""Cant. Pisos:"":""12"",""Deptos. por Piso:"":""6"",""Tipo Edificio:"":""Esquina"",""Tipo Frente:"":""Cemento"",""Estado Edificio:"":""Excelente"",""Long. Frente:"":""10 m2"",""Long. Fondo:"":""15 m2"",""Sup. Playa:"":""200 m2""}",Dependencia|Cocina|Comedor diario|Living|Agua caliente|Agua corriente|Ascensor|Cable|Electricidad|Gas natural|Muebles de cocina|Termotanque|Pavimento|Agua corriente|Electricidad|Gas natural|Internet|Video cable|Agua corriente|Cocina|Electricidad|Gas natural|Ascensor|Termotanque
CASA AVENIDA 72 Y 132,125000,USD,Casa,Venta,La Plata,Sin barrio,300,200,200,100,5,4,1,2,,"Casa 2 plantas sobre avenida 72 toma permuta por menor valor opcion de realizar locales comerciales por mas informacion, consulte al o al",,,25 años,,si,no,si,si,no,no,si,https://www.argenprop.com/static-content/98806471/9c392307-66cd-41c7-9d76-d266d4cabaf8_u_large.jpg|https://www.argenprop.com/static-content/98806471/66c2244a-12ab-4562-bdf0-b8b64ff00d1f_u_large.jpg|https://www.argenprop.com/static-content/98806471/42b30d72-91f8-403e-a451-8ed551797585_u_large.jpg|https://www.argenprop.com/static-content/98806471/aecb4fee-973e-4d43-b15b-edb3287735e9_u_large.jpg|https://www.argenprop.com/static-content/98806471/05801b9d-9bbf-44ec-aab6-0de7733af9e4_u_large.jpg|https://www.argenprop.com/static-content/98806471/344dd536-c931-4325-91b8-9d5790c2a4f9_u_large.jpg|https://www.argenprop.com/static-content/98806471/26a7f5b3-6a39-4f4a-8f5e-2090e2279c95_u_large.jpg|https://www.argenprop.com/static-content/98806471/d082b150-2a1d-4382-98c1-c8fe93ff7518_u_large.jpg|https://www.argenprop.com/static-content/98806471/0090fe0d-f151-4944-a425-2913e54cbfec_u_large.jpg|https://www.argenprop.com/static-content/98806471/63727d57-dac6-4e52-a15f-99a63e14e46b_u_large.jpg|https://www.argenprop.com/static-content/98806471/35ab643b-8a71-427d-8b5d-b9fde5364d9a_u_large.jpg|https://www.argenprop.com/static-content/98806471/b36ca846-1556-4737-ac1d-e7f09857ef4a_u_large.jpg|https://www.argenprop.com/static-content/98806471/c7091503-e35f-4dae-b8a0-d2caf2b70505_u_large.jpg|https://www.argenprop.com/static-content/98806471/1a170ca6-f5a8-403c-bf6c-04b9498caa10_u_large.jpg|https://www.argenprop.com/static-content/98806471/5e31a63b-0254-44b1-9a3a-92b326e9ff7f_u_large.jpg|https://www.argenprop.com/static-content/98806471/63e57923-2ee0-4c52-9368-3107ea89f104_u_large.jpg|https://www.argenprop.com/static-content/98806471/f74593ca-89c5-4206-bbbe-887588805fdc_u_large.jpg|https://www.argenprop.com/static-content/98806471/890f645f-4564-4cee-9b90-370ec156d87d_u_large.jpg|https://www.argenprop.com/static-content/98806471/313127f1-0d16-426c-ab46-1b1829afe578_u_large.jpg|https://www.argenprop.com/static-content/98806471/75144716-bba5-498c-aa9b-72a22f086cfb_u_large.jpg|https://www.argenprop.com/static-content/98806471/49842082-df2d-4ef0-9ac3-48edb760ff0e_u_large.jpg|https://www.argenprop.com/static-content/98806471/5d27ffcb-d33a-4c9a-8027-36e5a5ed16e8_u_large.jpg|https://www.argenprop.com/static-content/98806471/d5ad3c48-e958-470f-b54a-660d6f1db14e_u_large.jpg|https://www.argenprop.com/static-content/98806471/0cb64ac9-cde1-487f-a017-f42aff3c01d9_u_large.jpg|https://www.argenprop.com/static-content/98806471/b2e669c4-6560-4c69-8d38-4d50a95135ff_u_large.jpg|https://www.argenprop.com/static-content/98806471/6d149e6d-abbf-4df3-8998-292e5d3a65ae_u_large.jpg|https://www.argenprop.com/static-content/98806471/39aa195c-de70-44bc-9e24-cb7a97dbb513_u_large.jpg|/Content/images/argenprop/argenprop-logo.webp|https://www.argenprop.com/static-content/09007521/ab7e0d34-25b3-4550-b2a9-c89aa2e6858d_u_small.jpg|https://www.argenprop.com/static-content/19951621/d7cf31be-c769-48e0-ae9b-7f0bb009d648_u_small.jpg|https://www.argenprop.com/static-content/32987621/34d06906-fd29-486a-9751-f9d8864e068a_u_small.jpg|https://www.argenprop.com/static-content/82471341/23b25c59-de43-4e0d-906f-f9aa293bb91f_u_small.jpg|/content/images/data-fiscal.png|/content/images/agea.png,"{""Cant. Dormitorios:"":""4"",""Long. Frente:"":""10 m"",""Long. Fondo:"":""20 m"",""Estado:"":""Muy Bueno"",""Tipo de Techo:"":""Chapa"",""Tipo de Piso:"":""Ceramicos"",""Cant. Cocheras:"":""2"",""Orientación:"":""N"",""Tipo de Unidad:"":""Casa"",""Tipo de operación:"":""Venta"",""Precio:"":""USD 125.000""}",Baño|Comedor|Estudio|Fondo libre|Lavadero|Living|Patio|Vestidor|Agua cloaca|Agua corriente|Ascensor|Electricidad|Gas natural|Pavimento|Termotanque|Agua corriente|Electricidad|Gas natural|Permite Mascotas
"49 CALLE 6 Y DIAG 80 500, Piso 2",455,ARS,Depto,Alquiler,La Plata,Centro,28,28,,,2,0,1,,Incluidas,"Dto monoambiente a la calle 2 do piso, por ascensor luminoso requisitos: inquilino con recibo de sueldo en actividad mas 2 0 3 garantes con la misma condicion gastos y honorarios de inmobiliaria $ 490.000 certificacion de todos las firmas $ 150.000 informes y visitas comodidades: hall de entrada con placard espacio de cocina equipado con cocina a gas natural y termotanque nuevo baño completo con bañera ambiente muy luminoso sobre calle 49 y diagonal 80 con doble ventanal centro la plata lineas de colectivos. A metros de las facultades de ciencias juridicas, economicas, humanidades, etc. Bancos y plazas san martin y plaza italia, estacion de trenes y omnibus , importantes puntos de interes , museos , teatros, y etc.",-34.91273,-57.9489,30 años,,no,no,no,no,no,si,no,https://www.argenprop.com/static-content/76937681/fafcbd37-50ab-4161-b07f-ff67856c264c_u_large.jpg|https://www.argenprop.com/static-content/76937681/3327cf58-dbe0-4972-8b1d-30b66209fa2c_u_large.jpg|https://www.argenprop.com/static-content/76937681/eeb9de39-38af-429c-a76a-904b3a239059_u_large.jpg|https://www.argenprop.com/static-content/76937681/1ff74168-f427-4b9e-b23c-d52a4c817bc7_u_large.jpg|https://www.argenprop.com/static-content/76937681/610a2cf5-aa40-4ccc-aac8-046ec347b5c8_u_large.jpg|https://www.argenprop.com/static-content/76937681/524d67e3-cdd5-44ea-8e33-3f7e6ab7a156_u_large.jpg|https://www.argenprop.com/static-content/76937681/4ed19b79-7f77-405c-b018-d6d752673385_u_large.jpg|https://www.argenprop.com/static-content/76937681/82d053f8-a328-4f20-9d75-fd37dc2ae397_u_large.jpg|https://www.argenprop.com/static-content/76937681/bf898d80-f948-45b1-9c79-89a48cdc07af_u_large.jpg|https://www.argenprop.com/static-content/76937681/6cc16051-5e59-43e1-90f5-6d7725783ec7_u_large.jpg|https://www.argenprop.com/static-content/76937681/5fc9fefd-e83a-4cda-ad24-5355e9500170_u_large.jpg|https://www.argenprop.com/static-content/76937681/42d97778-076e-4ac9-9c6f-f0ef746f9b6d_u_large.jpg|https://www.argenprop.com/static-content/76937681/deaaea85-88d6-4487-a525-de7af45b68d7_u_large.jpg|https://www.argenprop.com/static-content/76937681/c0b13069-469b-4d8c-a212-fe5de212e0db_u_large.jpg|https://www.argenprop.com/static-content/76937681/3862b519-e60e-4763-b6e5-51d12a2b1d87_u_large.jpg|/Content/images/argenprop/argenprop-logo.webp|https://www.argenprop.com/static-content/17587491/fd0a26e5-a767-4f6a-9d4b-a97db33d7233_u_small.jpg|/content/images/data-fiscal.png|/content/images/agea.png,"{""Estado:"":""Muy Bueno"",""Disposición:"":""Frente"",""Orientación:"":""N"",""Tipo de Unidad:"":""Departamento"",""Tipo de operación:"":""Alquiler"",""Precio:"":""$ 650.000"",""Cant. Pisos:"":""10"",""Deptos. por Piso:"":""4"",""Tipo Edificio:"":""Entre Medianeras"",""Tipo Frente:"":""Cemento"",""Estado Edificio:"":""Muy Bueno"",""Long. Frente:"":""10 m2"",""Long. Fondo:"":""30 m2""}",Baño|Cocina|Lavadero|Agua caliente|Agua corriente|Ascensor|Agua corriente|Electricidad|Gas natural|Agua corriente|Cocina|Electricidad|Ascensor|Termotanque
132 bis y 528 400,90000,USD,Casa,Venta,La Plata,Jose Hernandez,533,120,533,413,4,3,1,,,"Ubicación: cerca de av 32 y av 131 desarrollada en lote 10 x 54 cuenta con: garaje pasante semidescubierto, 3 dormitorios, baño con sanitarios a estrenar, cocina con barra, living comedor muy amplio y muy buena ventilación, servicios, galería en forma de l (toda con madera a la vista barnizada y techos de plásticos transparentes). Posibilidad de tomar permuta por menor valor en la plata o mar del plata",-34.88955,-57.96486,1 años,,no,no,no,no,no,si,si,https://www.argenprop.com/static-content/88052091/b01c87a0-dbb2-4c4c-a121-d3806939e4be_u_large.jpg|https://www.argenprop.com/static-content/88052091/f5a84e4c-7716-48aa-924f-73d4847d79a9_u_large.jpg|https://www.argenprop.com/static-content/88052091/55a3ad28-9785-4bbc-b9cc-ee5f6e5dbe81_u_large.jpg|https://www.argenprop.com/static-content/88052091/07824fc0-27de-4203-8338-d1dc1851eac3_u_large.jpg|https://www.argenprop.com/static-content/88052091/8674a79c-28ab-4482-84e4-5d11488eabda_u_large.jpg|https://www.argenprop.com/static-content/88052091/2b8000e2-87de-459d-ad4f-00d59193f8b7_u_large.jpg|/Content/images/argenprop/argenprop-logo.webp|https://www.argenprop.com/static-content/88872391/e84ab727-0b2e-4d46-9911-571a629d8596_u_small.jpg|https://www.argenprop.com/static-content/68358391/2a2cfc0b-5e3a-42ef-a188-b6499875b36b_u_small.jpg|https://www.argenprop.com/static-content/36008181/b1acf5ae-2e79-4825-8f60-4c2db44bb52f_u_small.jpg|https://www.argenprop.com/static-content/80441691/1d9ad1b1-cfd1-4699-9ec7-07bbef94b38f_u_small.jpg|/content/images/data-fiscal.png|/content/images/agea.png,"{""Cant. Dormitorios:"":""3"",""Long. Frente:"":""10 m"",""Long. Fondo:"":""54 m"",""Estado:"":""Muy Bueno"",""Tipo de Techo:"":""Chapa"",""Cant. Cocheras:"":""1"",""Orientación:"":""NE"",""Tipo de Pendiente:"":""Moderada"",""Tipo de Unidad:"":""Casa"",""Tipo de operación:"":""Venta"",""Precio:"":""USD 90.000""}",Baño|Agua corriente|Artefactos de cocina|ABL|Agua corriente|Calefacción|Electricidad|Gas natural|Permite Mascotas
151 e/ 65 y 66,70000,USD,Casa,Venta,La Plata,Los Hornos,300,300,300,,2,0,1,,,"Casa dos dormitorios y garage cubierto, living, y cocina comedor amplia, lote de 10 x 30 mts. con pileta , servicios, a media cuadra de la avenida 66, zona comercial y cercania a colegios y al upa los hornos, y frente a una plaza.",,,,,si,no,si,no,no,si,si,https://www.argenprop.com/static-content/98459281/ece9bd0e-87c9-4ed4-978a-b3d07ff6558a_u_large.jpg|https://www.argenprop.com/static-content/98459281/57d392b2-4292-4316-90a9-1ed2f7073e27_u_large.jpg|https://www.argenprop.com/static-content/98459281/fe67e667-9501-4438-a6ef-206945373ec1_u_large.jpg|https://www.argenprop.com/static-content/98459281/d2ead9cf-5af2-432d-805e-d0acf45f02cd_u_large.jpg|https://www.argenprop.com/static-content/98459281/49ac06ab-bc39-44f0-b55a-5408d7ec209d_u_large.jpg|https://www.argenprop.com/static-content/98459281/f827bae0-26c3-4d3c-bd1c-39d7153ba006_u_large.jpg|/Content/images/argenprop/argenprop-logo.webp|https://www.argenprop.com/static-content/26684611/2f40979e-d42e-4035-a45d-307a3e4bada7_u_small.jpg|https://www.argenprop.com/static-content/34985611/f76a46b2-636b-4ce3-ba85-967904b52734_u_small.jpg|https://www.argenprop.com/static-content/38967441/ad6e59d5-6098-4c1f-b070-ace1ac2e56f3_u_small.jpg|https://www.argenprop.com/static-content/5402489/865d94e0-11a8-4fae-ac4d-27de10035a8d_u_small.jpg|/content/images/data-fiscal.png|/content/images/agea.png,"{""Estado:"":""Bueno"",""Tipo de Techo:"":""Chapa"",""Tipo de Piso:"":""Ceramicos y Baldosas"",""Tipo de Unidad:"":""Casa"",""Tipo de operación:"":""Venta"",""Precio:"":""USD 70.000""}",Baño|Agua corriente|Electricidad|Gas natural|Permite Mascotas
ZONA 63 Y 136 TOMA PERMUTA 2100,,USD,Local,Venta,La Plata,Sin barrio,180,140,,,2,0,2,1,,"Son dos locales comerciales en venta o alquiler a estrenar se escuchan propuestas de permutas se toman valores son 2 locales opcion casa , juntos o separados se toman valores en la costa",-34.929356,-57.99773,2 años,,no,no,no,no,no,no,si,https://www.argenprop.com/static-content/72233421/dd84ef95-b3da-4716-bbd9-1350c2c90544_u_large.jpg|https://www.argenprop.com/static-content/72233421/5c30790c-2924-40db-a5cc-6088ac38533f_u_large.jpg|https://www.argenprop.com/static-content/72233421/31972d45-7809-4d33-98e9-8cc9288689f0_u_large.jpg|https://www.argenprop.com/static-content/72233421/9c873803-ece9-4834-b080-f7b0fd78da58_u_large.jpg|https://www.argenprop.com/static-content/72233421/093f9f70-e624-4f41-bf12-5bc036e426e7_u_large.jpg|https://www.argenprop.com/static-content/72233421/0e03c2c1-7181-472e-9da6-7fbdbd70fbd7_u_large.jpg|https://www.argenprop.com/static-content/72233421/2928d8d6-77f2-4f0e-9ad8-16a0f285ac14_u_large.jpg|/Content/images/argenprop/argenprop-logo.webp|https://www.argenprop.com/static-content/41275671/41193b37-4af3-4cc3-83bc-e4122d52cd84_u_small.jpg|https://www.argenprop.com/static-content/69343721/c21b71a2-7a48-4712-b4b2-450f59181ceb_u_small.jpg|https://www.argenprop.com/static-content/76317271/9fe3130e-4f39-4bbd-b917-0108a6e23223_u_small.jpg|/content/images/data-fiscal.png|/content/images/agea.png,"{""Estado:"":""Excelente"",""Tipo de Local:"":""Via Publica""}",Posee Vivienda|Baño|Cocina|Depósito|Patio|Agua caliente|Agua cloaca|Agua corriente|Calefacción|Pavimento|Agua corriente|Electricidad|Gas natural|Internet
"49 E/ 6 Y DIAG 80 500, Piso 2DO",45000,USD,Depto,Venta,La Plata,Centro,29,29,,,2,1,1,,,Dto a la calle pleno centro zona facultades mts plaza san martin y calle 7. Con expensas,-34.91265,-57.94897,30 años,,no,no,no,no,no,si,si,https://www.argenprop.com/static-content/05857681/5f8b4ff9-4ab1-4d98-8e61-fdf8beff500b_u_large.jpg|https://www.argenprop.com/static-content/05857681/ae65bafc-284e-4a79-b2db-add6cb40e6be_u_large.jpg|https://www.argenprop.com/static-content/05857681/292b4a37-bdd7-43e7-a5f4-8039d3c58122_u_large.jpg|https://www.argenprop.com/static-content/05857681/1408874a-3bb9-4794-a50d-bf5b1bbdf2f6_u_large.jpg|https://www.argenprop.com/static-content/05857681/2f3a17a7-2dba-4c90-bca9-7cadb23f6451_u_large.jpg|https://www.argenprop.com/static-content/05857681/d8fb602d-9033-4e76-8c3b-c681a6b501e8_u_large.jpg|https://www.argenprop.com/static-content/05857681/036f7366-3aac-492e-a044-a2581f96bc27_u_large.jpg|https://www.argenprop.com/static-content/05857681/0fa2f84c-bb95-43fe-aee3-afa443f14e9c_u_large.jpg|https://www.argenprop.com/static-content/05857681/abe2d379-5f1d-4df2-818a-dce77cdd2525_u_large.jpg|https://www.argenprop.com/static-content/05857681/9f6eb04e-dea8-44cf-848b-a9a9484d7587_u_large.jpg|https://www.argenprop.com/static-content/05857681/037beb65-888c-4f2d-a29a-a4016c108f70_u_large.jpg|https://www.argenprop.com/static-content/05857681/cf9036f1-fc01-4234-94f1-271c0d406b15_u_large.jpg|https://www.argenprop.com/static-content/05857681/e3168195-6737-4e0c-b751-32c4379931e1_u_large.jpg|https://www.argenprop.com/static-content/05857681/511f23f1-59b2-49af-a92e-6544dea684c0_u_large.jpg|https://www.argenprop.com/static-content/05857681/d7f349e1-6318-4c84-ba09-2f54bc0b3407_u_large.jpg|https://www.argenprop.com/static-content/05857681/bbcc400e-ee80-48f1-a5f3-ae84ee2b478e_u_large.jpg|https://www.argenprop.com/static-content/05857681/3db5fb39-6bdb-4ede-baf9-22fb8037e842_u_large.jpg|https://www.argenprop.com/static-content/05857681/c862078e-d366-4515-9aec-722a863dca29_u_large.jpg|/Content/images/argenprop/argenprop-logo.webp|https://www.argenprop.com/static-content/30899681/acc04665-7996-4674-8ed4-f523142bed66_u_small.jpg|https://www.argenprop.com/static-content/11607571/94b70393-c461-4564-aca5-855c7db23b5d_u_small.jpg|https://www.argenprop.com/static-content/46583681/022a383c-db4f-45ca-89f8-cb7ea77fee12_u_small.jpg|/content/images/data-fiscal.png|/content/images/agea.png,"{""Cant. Dormitorios:"":""1"",""Estado:"":""Muy Bueno"",""Disposición:"":""Frente"",""Orientación:"":""N"",""Tipo de Unidad:"":""Departamento"",""Tipo de operación:"":""Venta"",""Precio:"":""USD 45.000"",""Cant. Pisos:"":""10"",""Deptos. por Piso:"":""4"",""Tipo Edificio:"":""Entre Medianeras"",""Tipo Frente:"":""Cemento"",""Estado Edificio:"":""Muy Bueno"",""Long. Frente:"":""10 m2"",""Long. Fondo:"":""30 m2""}",Baño|Agua caliente|Agua corriente|Amoblado|Ascensor|Desayunador|Electricidad|Gas natural|Muebles de cocina|Termotanque|Pavimento|Agua corriente|Electricidad|Gas natural|Agua corriente|Cocina|Electricidad|Ascensor
140 e/ 60 bis y 61,245,ARS,Local,Alquiler,La Plata,Los Hornos,0,0,,,2,0,1,,,"Local buena ubicacion, luminoso, rodeado de otros locales comerciales, cerca de la avenida 60.",,,1 años,,no,no,no,no,no,no,no,https://www.argenprop.com/static-content/67483381/3f07e922-b226-48e2-9051-44d07116305e_u_large.jpg|/Content/images/argenprop/argenprop-logo.webp|/content/images/data-fiscal.png|/content/images/agea.png,"{""Estado:"":""Muy Bueno"",""Ultima Actividad:"":""estetica"",""Precio:"":""$ 350.000""}",
ZONA 149 Y 66 1600,42000,USD,Casa,Venta,La Plata,Los Hornos,2,2,,,3,2,1,1,,Casa a refaccionar o lote 10 x 30 oportunidad sobre zona avenida 149 y 66,-34.96634,-57.97768,50 años,,no,no,no,no,no,si,no,https://www.argenprop.com/static-content/57914271/fe7938f7-b3c8-4853-a194-ba265ae662d6_u_large.jpg|https://www.argenprop.com/static-content/57914271/3e060085-f967-4925-8db1-18c90db27ad8_u_large.jpg|https://www.argenprop.com/static-content/57914271/a0628278-3b4a-4519-bfeb-03d57686580f_u_large.jpg|https://www.argenprop.com/static-content/57914271/4b869b49-cfc8-4f47-a53b-fcbbee50fc22_u_large.jpg|https://www.argenprop.com/static-content/57914271/4ec4718b-99ee-4be0-8e14-d046f71da37a_u_large.jpg|https://www.argenprop.com/static-content/57914271/384bf1ba-f356-4c08-8ce7-921f11ca00ef_u_large.jpg|https://www.argenprop.com/static-content/57914271/453bac42-dcda-4743-b2e9-e392e93c7c72_u_large.jpg|https://www.argenprop.com/static-content/57914271/61b55123-c5ff-40d8-8ef6-5503fc2ee157_u_large.jpg|https://www.argenprop.com/static-content/57914271/a7f1045d-956d-405b-9299-2a094ebc612e_u_large.jpg|https://www.argenprop.com/static-content/57914271/f26e7844-9a8e-4555-b739-17c35875130d_u_large.jpg|https://www.argenprop.com/static-content/57914271/8ed296a9-3895-49b8-b1e5-081305ed1dce_u_large.jpg|https://www.argenprop.com/static-content/57914271/63f97d9d-11ef-404a-8a64-f6eaeaf105b4_u_large.jpg|https://www.argenprop.com/static-content/57914271/73cc904e-9ce8-42b3-92b9-141331714f81_u_large.jpg|https://www.argenprop.com/static-content/57914271/d154524e-cba2-41d2-be19-8c647e3a8a4e_u_large.jpg|https://www.argenprop.com/static-content/57914271/4d36b4d3-964a-41dc-9668-195c8fd38666_u_large.jpg|https://www.argenprop.com/static-content/57914271/0d2d067d-4ee5-4a0b-a870-f40136b0be58_u_large.jpg|https://www.argenprop.com/static-content/57914271/66cf4bc0-eacb-4b19-b9fd-84db92029146_u_large.jpg|/Content/images/argenprop/argenprop-logo.webp|https://www.argenprop.com/static-content/46485401/71938d24-5e99-4c63-8c17-35561de796c0_u_small.jpg|https://www.argenprop.com/static-content/10108981/8a378d61-6b16-408d-b4d1-9a8aab15a77b_u_small.jpg|https://www.argenprop.com/static-content/38174981/ad65decb-fec9-49e3-b08d-161c45de14f7_u_small.jpg|https://www.argenprop.com/static-content/62869981/512af814-0a72-4b9a-b34b-ffcb6aa3d68a_u_small.jpg|/content/images/data-fiscal.png|/content/images/agea.png,"{""Cant. Dormitorios:"":""2"",""Long. Frente:"":""10 m"",""Long. Fondo:"":""30 m"",""Estado:"":""A Refaccionar"",""Tipo de Techo:"":""Chapa"",""Tipo de Piso:"":""Ceramicos y Baldosas"",""Cant. Cocheras:"":""4"",""Orientación:"":""S"",""Tipo de Unidad:"":""Casa"",""Tipo de operación:"":""Venta"",""Precio:"":""USD 42.000""}",Baño|Comedor diario|Galpón|Hall|Fondo libre|Lavadero|Living|Patio|Agua cloaca|Agua corriente|Pavimento|Agua corriente|Electricidad|Gas natural|Permite Mascotas
Calle 489 y 24,420,ARS,Casa,Alquiler,La Plata,Gonnet,100,50,100,50,3,2,1,,,Casa ph 2 dor baño cocina comedor patio con verde se pide la persona que alquile tenga recibo de sueldo en blanco mas 2 o 3 recibos de sueldo en garantia . Certificación de todas las firmas $ 200.000 honorarios inmobiliaria 1 mes mes de mayo $ 600.000,,,15 años,,no,no,no,no,no,no,no,https://www.argenprop.com/content/images/facebook-image.jpg|/Content/images/argenprop/argenprop-logo.webp|/content/images/data-fiscal.png|/content/images/agea.png,"{""Cant. Dormitorios:"":""2"",""Long. Frente:"":""7 m"",""Long. Fondo:"":""20 m"",""Estado:"":""Muy Bueno"",""Orientación:"":""N"",""Tipo de Unidad:"":""Casa"",""Tipo de operación:"":""Alquiler"",""Precio:"":""$ 600.000""}",
"ZONA TORREON BV . MARITIMO 2900, Piso 3RO",199000,USD,Depto,Venta,Mar del Plata,Centro,110,90,,27,3,2,2,,Incluidas,"Excelente departamento con vista al mar todo reciclado a nuevo se entrega con cocina heladera, lavarropa y muebles de cocina nuevos. Se toma permuta mayor o menor tiene dormitorio principal vista al mar y balcon a la calle y baño suite 1 dormitorio al contrafrente luminoso y con baño suite 2 balcones terrazas (1.10 x 7 mts) ( 2,70 m x 10 m) mts 90 2 cochera fija cubierta visitas",-38.00914,-57.534584,1 años,,no,si,no,no,no,si,si,https://www.argenprop.com/static-content/3662789/a0522310-1a4e-43e0-b8ab-543b3f940add_u_large.jpg|https://www.argenprop.com/static-content/3662789/d8d631e8-99fd-4627-9294-7a1d79048ee0_u_large.jpg|https://www.argenprop.com/static-content/3662789/6e877e43-eb8c-4597-9fa3-374566bf4cd1_u_large.jpg|https://www.argenprop.com/static-content/3662789/7f75a651-8dad-4403-9979-e09f838595cf_u_large.jpg|https://www.argenprop.com/static-content/3662789/b8466f77-80b5-4b15-9e4e-2624f31c27ed_u_large.jpg|https://www.argenprop.com/static-content/3662789/21add3e8-2f4b-4522-b0c5-ab5e0e8db4e1_u_large.jpg|https://www.argenprop.com/static-content/3662789/241925cc-8779-43de-9f3c-a053387e1843_u_large.jpg|https://www.argenprop.com/static-content/3662789/808baf47-5de9-4bbb-850e-4a77de82b8d4_u_large.jpg|https://www.argenprop.com/static-content/3662789/0d8eeb90-94a2-4e47-9017-075997b4355b_u_large.jpg|https://www.argenprop.com/static-content/3662789/868ca018-46b3-4f97-b22d-4b9ebcabca45_u_large.jpg|https://www.argenprop.com/static-content/3662789/a17d5704-ca38-4cf4-9117-d80bf300f293_u_large.jpg|https://www.argenprop.com/static-content/3662789/ceeee456-8b6c-4622-9c08-763192513a22_u_large.jpg|https://www.argenprop.com/static-content/3662789/c23174cc-02e2-49cb-81da-d35d479c1fdc_u_large.jpg|https://www.argenprop.com/static-content/3662789/3f7c9714-290d-433b-b3cb-394817fd3ccd_u_large.jpg|https://www.argenprop.com/static-content/3662789/2b240adc-6e51-4134-9430-f3c78678ec4e_u_large.jpg|/Content/images/argenprop/argenprop-logo.webp|https://www.argenprop.com/static-content/6648146/1b48240b-bd9a-4b17-b71a-23521d8a7ab3_u_small.jpg|https://www.argenprop.com/static-content/74101581/481b857e-eed4-4be7-bd42-7f2d6b2706be_u_small.jpg|https://www.argenprop.com/static-content/52232581/d0af1694-3ab5-4894-b252-760ba67d1ec0_u_small.jpg|https://www.argenprop.com/static-content/48976681/31a64005-8fcb-467b-b6dc-a07ed1be9f28_u_small.jpg|/content/images/data-fiscal.png|/content/images/agea.png,"{""Cant. Dormitorios:"":""2"",""Cant. Cocheras:"":""1"",""Estado:"":""Excelente"",""Disposición:"":""Frente"",""Orientación:"":""S"",""Tipo de Balcón:"":""Terraza"",""Tipo de Costa:"":""Costa mar"",""Tipo de Vista:"":""Vista mar"",""Tipo de Piso:"":""Porcelanato"",""Tipo de Unidad:"":""Departamento"",""Tipo de operación:"":""Venta"",""Precio:"":""USD 199.000"",""Cant. Pisos:"":""16"",""Deptos. por Piso:"":""5"",""Tipo Edificio:"":""Entre Medianeras"",""Tipo Frente:"":""Cemento"",""Estado Edificio:"":""Muy Bueno"",""Long. Frente:"":""15 m2"",""Long. Fondo:"":""30 m2"",""Sup. Playa:"":""30 m2""}",Cocina|Living|Palier|Patio|Terraza|Agua caliente|Agua corriente|Ascensor|Ascensores de servicio|Muebles de cocina|Termotanque|Agua corriente|Electricidad|Gas natural|Internet|Limpieza|Permite Mascotas|Agua corriente|Cocina|Electricidad|Gas natural|Vigilancia|Ascensor|Espacio para vehículo|Termotanque
"Calle 58 y 23 1300, Piso 0",294,ARS,Depto,Alquiler,La Plata,Sin barrio,55,40,,15,2,1,1,,,Dto planta baja contrafrente sin expensas 1 dor baño cocina comedor patio mes de mayo $ 420.000 reajuste casa 6 meses por el i.C.L certificación de firmas todas $ 200.000 honorarios de inmobiliaria 1 mes.- La persona que alquila tenga recibos de sueldo en blanco mas 2 0 3 recibos de sueldo en garantia,-34.93509,-57.95966,30 años,,no,no,no,no,no,no,no,https://www.argenprop.com/content/images/facebook-image.jpg|/Content/images/argenprop/argenprop-logo.webp|https://www.argenprop.com/static-content/3513948/9a619015-a666-4865-80ff-ac28e7246c1f_u_small.jpg|https://www.argenprop.com/static-content/83721181/b62c22c6-5543-4f63-a76b-aa24c9b58671_u_small.jpg|https://www.argenprop.com/static-content/20019181/98260c21-b1ee-4b0d-8af5-8968bb433b37_u_small.jpg|https://www.argenprop.com/static-content/47959561/0f2b0c95-3442-4fba-b1a9-ebace4bad915_u_small.jpg|/content/images/data-fiscal.png|/content/images/agea.png,"{""Cant. Dormitorios:"":""1"",""Estado:"":""Bueno"",""Disposición:"":""Contrafrente"",""Orientación:"":""S"",""Tipo de Unidad:"":""Departamento"",""Tipo de operación:"":""Alquiler"",""Precio:"":""$ 420.000""}",Agua caliente|Agua corriente|Electricidad|Gas natural|Termotanque|Pavimento
Calle 146 67 y 68 1600,60000,USD,Casa,Venta,La Plata,Los Hornos,500,100,500,400,3,2,1,1,,2 casas sobre lote 10 x 50 adelante casa 2 dor baño living comedor garaje cubierto pasante atras casa refacionar 2 dor baño cocina comedor,-34.96386,-57.97314,40 años,,no,no,no,no,no,no,no,https://www.argenprop.com/content/images/facebook-image.jpg|/Content/images/argenprop/argenprop-logo.webp|https://www.argenprop.com/static-content/81730061/311ad35d-71ed-4679-952e-d253f779ecc2_u_small.jpg|https://www.argenprop.com/static-content/5402489/865d94e0-11a8-4fae-ac4d-27de10035a8d_u_small.jpg|https://www.argenprop.com/static-content/22062961/7910ab37-43c1-4081-ac8a-0d79962c8057_u_small.jpg|https://www.argenprop.com/static-content/19914271/d170da0c-8870-4a72-ab71-e0ef6555034b_u_small.jpg|/content/images/data-fiscal.png|/content/images/agea.png,"{""Cant. Dormitorios:"":""2"",""Long. Frente:"":""10 m"",""Long. Fondo:"":""50 m"",""Estado:"":""Bueno"",""Cant. Cocheras:"":""4"",""Orientación:"":""S"",""Tipo de Unidad:"":""Casa"",""Tipo de operación:"":""Venta"",""Precio:"":""USD 60.000""}",Agua corriente|Gas natural|Permite Mascotas
Zona 66 y 167 1700,95000,USD,Quinta,Venta,La Plata,Los Hornos,600,150,600,450,2,0,1,,,"Casa quinta, amplio lote 21,90 x 39 con pileta aberturas hechas a medida toma permuta la plata o costa atlantica",-34.98732,-57.98977,2 años,,si,no,no,no,no,no,si,https://www.argenprop.com/static-content/24030941/30f7be45-a129-44ea-8634-6d0fc2846a54_u_large.jpg|https://www.argenprop.com/static-content/24030941/71635c49-5218-4669-97bb-239bdc8682aa_u_large.jpg|https://www.argenprop.com/static-content/24030941/50346d8b-b84f-49cf-946e-292c572db041_u_large.jpg|https://www.argenprop.com/static-content/24030941/ca12806d-61cd-416a-a817-5918f804469d_u_large.jpg|https://www.argenprop.com/static-content/24030941/b812913a-477f-47da-9088-e4c019c313df_u_large.jpg|https://www.argenprop.com/static-content/24030941/2ad2ccca-de34-4ed1-b917-1363968c5dad_u_large.jpg|https://www.argenprop.com/static-content/24030941/2e1e4bbf-adec-4d3e-9da3-570505b74230_u_large.jpg|https://www.argenprop.com/static-content/24030941/3bf7ac8c-5a3f-49a5-9953-9f7defb220ca_u_large.jpg|https://www.argenprop.com/static-content/24030941/9d49defb-645a-4949-9eaa-f42a0454c82e_u_large.jpg|https://www.argenprop.com/static-content/24030941/b909aca7-18bf-4c66-a556-6c97b3c608cf_u_large.jpg|https://www.argenprop.com/static-content/24030941/675fc5d6-8a7b-4369-b992-148a0a9ceab7_u_large.jpg|https://www.argenprop.com/static-content/24030941/0e5a75e4-4886-48d2-b196-bdaa60a20f72_u_large.jpg|https://www.argenprop.com/static-content/24030941/379df317-efa3-4e9c-8e4b-c062d6c38fdc_u_large.jpg|https://www.argenprop.com/static-content/24030941/1d7c2872-093c-4588-abe6-959e7c69c09c_u_large.jpg|/Content/images/argenprop/argenprop-logo.webp|/content/images/data-fiscal.png|/content/images/agea.png,"{""Long. Frente:"":""20 m"",""Long. Fondo:"":""40 m"",""Estado:"":""Excelente"",""Tipo de Techo:"":""Chapa"",""Tipo de Piso:"":""Porcelanato"",""Cant. Cocheras:"":""5"",""Orientación:"":""S"",""Tipo de Unidad:"":""CasaQuinta"",""Precio:"":""USD 95.000""}",Cocina comedor|Vestibulo|Agua corriente|Aire acondicionado individual|Aire caliente|Gas envasado|Muebles de cocina|Termotanque|Agua corriente|Calefacción|Electricidad|Gas envasado
CASA AVENIDA 60 30 Y 31 1700,1330,ARS,Casa,Alquiler,La Plata,Sin barrio,450,200,486,250,5,4,1,2,,Casa lote 9 x 54 casa 4 dor 2 baños living comedor cocina comedor garaje fonfo pileta se pide la persona que alquile tenga recibo de sueldo en blanco mas 2 o 3 recibos de sueldo en garantia certificacion de todas las firmas 250.000 honorarios de inmobiliaria 1 mes 1 mes de deposoto en efectivo,-34.943,-57.96543,50 años,,si,no,no,no,no,no,no,https://www.argenprop.com/content/images/facebook-image.jpg|/Content/images/argenprop/argenprop-logo.webp|https://www.argenprop.com/static-content/02135291/d492927c-205b-4a3a-a5ae-881ebc871ba2_u_small.jpg|https://www.argenprop.com/static-content/68160181/112fbfdd-b146-4382-a2e3-b4331238a03a_u_small.jpg|https://www.argenprop.com/static-content/98228091/c362f834-3996-4144-a1e2-1aee28fbff91_u_small.jpg|https://www.argenprop.com/static-content/16736481/8c8765f5-3efe-4a82-8b43-18298d467293_u_small.jpg|/content/images/data-fiscal.png|/content/images/agea.png,"{""Cant. Dormitorios:"":""4"",""Long. Frente:"":""9 m"",""Long. Fondo:"":""54 m"",""Cant. Cocheras:"":""1"",""Tipo de Unidad:"":""Casa"",""Tipo de operación:"":""Alquiler"",""Precio:"":""$ 1.900.000""}",Baño|Dormitorio|Galpón|Fondo libre|Agua corriente|Permite Mascotas
136 e/ 63 y 64,140000,USD,Casa,Venta,La Plata,Los Hornos,0,0,,,2,0,1,,,"Casa en venta, por tracto abreviado, tres dormitorios , dos baños, living, cocina, comedor, quincho con parrilla , dos cocheras cubiertas , excelente zona , pleno centro comercial, patio, pileta. Uno de los dormitorios esta desarrollado en planta alta, y altillo.",,,,,no,no,no,no,no,no,si,https://www.argenprop.com/static-content/89809581/3ad073a9-1abb-42f4-8e77-f1007f092e91_u_large.jpg|https://www.argenprop.com/static-content/89809581/342ed211-8217-4c87-9caf-4b73ef54f38f_u_large.jpg|https://www.argenprop.com/static-content/89809581/fa74a32d-82d2-464e-ba10-28d3054965fc_u_large.jpg|https://www.argenprop.com/static-content/89809581/6006a840-2382-4dc9-ad08-ee700410b1f1_u_large.jpg|https://www.argenprop.com/static-content/89809581/1d183cf0-09c8-4dcb-b50f-a5a7c1d1c843_u_large.jpg|https://www.argenprop.com/static-content/89809581/9a3bd423-c0d7-46f9-a864-01ec8ef9a2a6_u_large.jpg|https://www.argenprop.com/static-content/89809581/2bb67660-9f1c-4724-aa6b-f16e03c685d0_u_large.jpg|https://www.argenprop.com/static-content/89809581/fb28b104-386f-432c-9890-b29c3968bf28_u_large.jpg|https://www.argenprop.com/static-content/89809581/0f540695-ce90-401c-9e5c-328203671cc1_u_large.jpg|https://www.argenprop.com/static-content/89809581/fe7f7360-4982-41b4-99a9-1f12aa0338d3_u_large.jpg|https://www.argenprop.com/static-content/89809581/7936e348-6662-4e0b-9e7f-65f1b78d9a82_u_large.jpg|/Content/images/argenprop/argenprop-logo.webp|https://www.argenprop.com/static-content/06181091/b10d4fe7-2d06-45c3-a6ee-7abbd3035f4a_u_small.jpg|/content/images/data-fiscal.png|/content/images/agea.png,"{""Estado:"":""Muy Bueno"",""Tipo de Unidad:"":""Casa"",""Tipo de operación:"":""Venta"",""Precio:"":""USD 140.000""}",
39 e 131 y 132,65000,USD,Casa,Venta,La Plata,Sin barrio,0,0,,,2,0,1,,,"Casa al frente, y depto al fondo. Casa dos dormitorios, baño, living , comedor, garage doble y patio. Depto, un dormitorio, baño, cocina, comedor",,,,,no,no,no,no,no,no,no,https://www.argenprop.com/static-content/24137471/1effe3ec-faa2-4467-b8d4-8de7adea3e76_u_large.jpg|https://www.argenprop.com/static-content/24137471/1865c383-bc1f-453c-9fe6-c261622c598d_u_large.jpg|https://www.argenprop.com/static-content/24137471/5142198b-a760-46e6-9bec-2385a5a7ee0c_u_large.jpg|https://www.argenprop.com/static-content/24137471/8742ada6-163b-41c0-a6e3-b3daa21acc7e_u_large.jpg|https://www.argenprop.com/static-content/24137471/53b3818f-cf9b-4c15-8583-0543d08b5198_u_large.jpg|https://www.argenprop.com/static-content/24137471/2afb22db-c66e-4557-bfa1-6a46b618078a_u_large.jpg|https://www.argenprop.com/static-content/24137471/f735d896-fae0-486a-9f19-aafe85bf1b1a_u_large.jpg|https://www.argenprop.com/static-content/24137471/c85483e2-c8f1-4467-a9d3-57f3a1e64ef1_u_large.jpg|https://www.argenprop.com/static-content/24137471/a6c2af76-25d6-4ae8-aade-dc4105cdfe34_u_large.jpg|https://www.argenprop.com/static-content/24137471/e4137bd2-2134-448c-abb2-8d50acc9efd3_u_large.jpg|https://www.argenprop.com/static-content/24137471/9b6436eb-257f-4c57-9ecd-18da2ce7a0d8_u_large.jpg|https://www.argenprop.com/static-content/24137471/936a421a-e04e-4800-9558-de1c56ef4294_u_large.jpg|https://www.argenprop.com/static-content/24137471/456941dd-ffd5-4d2c-a47c-291f3128deac_u_large.jpg|https://www.argenprop.com/static-content/24137471/81b774be-3975-4029-b51c-57f3723cc208_u_large.jpg|https://www.argenprop.com/static-content/24137471/a0ddb462-c896-4d76-afec-a3bc29aca960_u_large.jpg|https://www.argenprop.com/static-content/24137471/31d468b8-3b2a-4725-b702-603fbeba9d4b_u_large.jpg|https://www.argenprop.com/static-content/24137471/97d3cc4b-352b-4fe5-a2bb-afda9f467315_u_large.jpg|https://www.argenprop.com/static-content/24137471/d5825d4a-f19c-4350-90e6-485f547773d7_u_large.jpg|/Content/images/argenprop/argenprop-logo.webp|https://www.argenprop.com/static-content/19744751/d0b47527-e7d6-4b14-9c60-97f8cde1ff1e_u_small.jpg|https://www.argenprop.com/static-content/75193851/a5d97090-b71f-4882-b446-a9289edbd002_u_small.jpg|https://www.argenprop.com/static-content/40567851/d39e2bf4-b57f-4b92-913b-f387ffcb23ce_u_small.jpg|https://www.argenprop.com/static-content/14569851/85ceb8f2-1762-42b5-b4ce-330fafc750df_u_small.jpg|/content/images/data-fiscal.png|/content/images/agea.png,"{""Tipo de Unidad:"":""Casa"",""Tipo de operación:"":""Venta"",""Precio:"":""USD 65.000""}",
CASA ZONA 133 Y 62 1400,56000,USD,Casa,Venta,La Plata,Los Hornos,160,80,160,80,3,2,1,1,,Casa en ph planta baja a la calle muy buen estado tomaria permuta.- No apta banco,-34.94766,-57.96618,50 años,,no,no,no,no,no,si,si,https://www.argenprop.com/static-content/19914271/d170da0c-8870-4a72-ab71-e0ef6555034b_u_large.jpg|https://www.argenprop.com/static-content/19914271/b16388a2-1319-4986-9001-6b38cd4a41b4_u_large.jpg|https://www.argenprop.com/static-content/19914271/e18b487b-bbb4-48bd-8bbe-5977de111585_u_large.jpg|https://www.argenprop.com/static-content/19914271/c934907c-4b11-4df0-b836-0265c1e2e4cd_u_large.jpg|https://www.argenprop.com/static-content/19914271/f2517e17-9a01-42bf-9176-33bea3d091c0_u_large.jpg|https://www.argenprop.com/static-content/19914271/a67a0924-4fb5-477e-9166-9ecb323203f7_u_large.jpg|https://www.argenprop.com/static-content/19914271/8cc9bf6f-376f-4bc8-828e-9866868dd190_u_large.jpg|https://www.argenprop.com/static-content/19914271/d06dc00c-a86b-4924-9f7a-f764350f2ef5_u_large.jpg|https://www.argenprop.com/static-content/19914271/2936c97f-66a2-4442-8bd5-d3e0738b3e4f_u_large.jpg|/Content/images/argenprop/argenprop-logo.webp|https://www.argenprop.com/static-content/26684611/2f40979e-d42e-4035-a45d-307a3e4bada7_u_small.jpg|https://www.argenprop.com/static-content/34985611/f76a46b2-636b-4ce3-ba85-967904b52734_u_small.jpg|https://www.argenprop.com/static-content/38967441/ad6e59d5-6098-4c1f-b070-ace1ac2e56f3_u_small.jpg|https://www.argenprop.com/static-content/5402489/865d94e0-11a8-4fae-ac4d-27de10035a8d_u_small.jpg|/content/images/data-fiscal.png|/content/images/agea.png,"{""Cant. Dormitorios:"":""2"",""Long. Frente:"":""8 m"",""Long. Fondo:"":""18 m"",""Estado:"":""Bueno"",""Tipo de Techo:"":""Chapa"",""Tipo de Piso:"":""Ceramicos"",""Orientación:"":""S"",""Tipo de Unidad:"":""Casa"",""Tipo de operación:"":""Venta"",""Precio:"":""USD 56.000""}",Baño|Comedor diario|Lavadero|Living|Patio|Agua cloaca|Agua corriente|Muebles de cocina|Pavimento|Termotanque|Agua corriente|Electricidad|Gas natural|Permite Mascotas
134 e/63 y 64,80000,USD,Terreno,Venta,La Plata,Los Hornos,295,8,,,2,0,1,,,,,,,,no,no,no,no,no,no,no,https://www.argenprop.com/static-content/50801681/396d2fae-898a-48ec-b202-cbb5e4ca9f2b_u_large.jpg|https://www.argenprop.com/static-content/50801681/f5415b16-1954-4683-b66f-b3365ba1f879_u_large.jpg|/Content/images/argenprop/argenprop-logo.webp|https://www.argenprop.com/static-content/56382391/cb70b87b-48cd-46f2-88b8-fa6e53d2259c_u_small.jpg|https://www.argenprop.com/static-content/50213391/9336983f-b848-4e0e-9c27-1ed2133c0f5a_u_small.jpg|/content/images/data-fiscal.png|/content/images/agea.png,"{""Long. Frente:"":""8 m"",""Tipo de : Terreno"":""Terreno"",""Precio:"":""USD 80.000""}",Agua corriente|Agua corriente|Electricidad|Gas natural
204 44 y 45,80000,USD,Casa,Venta,La Plata,Lisandro Olmos,70,10,600,60,4,3,1,,,Casa dto sobre lote 10 x 60 toma valores,,,25 años,,si,no,si,si,no,si,si,https://www.argenprop.com/static-content/4412569/91bdb112-aeff-41f2-b4f4-51e692dce0ae_u_large.jpg|https://www.argenprop.com/static-content/4412569/67ac27a4-c6ff-45bb-9fee-c1b5ddf2b381_u_large.jpg|https://www.argenprop.com/static-content/4412569/15ead5bf-cea6-4d13-afbd-8e5410155141_u_large.jpg|https://www.argenprop.com/static-content/4412569/6758f773-7235-44a7-8b19-a8ba717786c8_u_large.jpg|https://www.argenprop.com/static-content/4412569/9fc65de1-65fd-463b-a738-eea3efa5fb45_u_large.jpg|https://www.argenprop.com/static-content/4412569/ebf33b0a-ceb9-4bb3-add7-1ab81d6bc091_u_large.jpg|https://www.argenprop.com/static-content/4412569/769bc1e2-86da-4948-ae22-73c75981d307_u_large.jpg|https://www.argenprop.com/static-content/4412569/0c2135f0-9c41-4119-99ff-a87669047b8d_u_large.jpg|/Content/images/argenprop/argenprop-logo.webp|https://www.argenprop.com/static-content/13949571/77c8f689-4209-4cef-8009-85b8e4398ffa_u_small.jpg|https://www.argenprop.com/static-content/67604671/1b7cea5f-9f95-4047-ae6b-1fa927d15184_u_small.jpg|https://www.argenprop.com/static-content/25544671/435f0e9b-a944-4a06-8317-d7429da87ace_u_small.jpg|https://www.argenprop.com/static-content/49096671/a75632f9-ee1a-42fe-abce-57b46c912ec5_u_small.jpg|/content/images/data-fiscal.png|/content/images/agea.png,"{""Cant. Dormitorios:"":""3"",""Long. Frente:"":""10 m"",""Long. Fondo:"":""60 m"",""Estado:"":""Bueno"",""Tipo de Techo:"":""Chapa"",""Tipo de Piso:"":""Ceramicos y Baldosas"",""Cant. Cocheras:"":""1"",""Orientación:"":""S"",""Tipo de Unidad:"":""Casa"",""Tipo de operación:"":""Venta"",""Precio:"":""USD 80.000""}",Comedor diario|Dormitorio|Galería|Fondo libre|Lavadero|Living|Agua cloaca|Aire caliente|Gas natural|Gas natural|Limpieza|Permite Mascotas
Zona 133 y 71,75000,USD,Depto,Venta,La Plata,Sin barrio,0,0,,,2,0,1,,,"Duplex a estrenar zona los hornos, dos dormitorios en planta alta con baño, y en planta baja entrada de auto descubierto de 4.75 x 6 mts, living comedor de 4.75 x 5.50 mts, baño de servicio y patio de 3 x 4.75 mts.",,,,,no,no,no,no,no,no,si,https://www.argenprop.com/static-content/37406471/57af4663-b304-4077-baf3-622afe64599d_u_large.jpg|https://www.argenprop.com/static-content/37406471/fc77c213-3094-45e3-9d5e-45248e88fba3_u_large.jpg|https://www.argenprop.com/static-content/37406471/c389f8d8-fa39-4101-9671-8c673ebe48cf_u_large.jpg|https://www.argenprop.com/static-content/37406471/dea7c8c3-7ca6-4d5e-aefe-de1b8211f1a7_u_large.jpg|https://www.argenprop.com/static-content/37406471/9cdf6e6c-e528-4df1-aeee-3ac70ea83d06_u_large.jpg|https://www.argenprop.com/static-content/37406471/f71420e9-116f-4edd-b60b-6f964bc662fa_u_large.jpg|https://www.argenprop.com/static-content/37406471/b093d891-985d-488e-b513-e52edab6c049_u_large.jpg|https://www.argenprop.com/static-content/37406471/7aa9c616-e842-4595-a147-56163103a256_u_large.jpg|https://www.argenprop.com/static-content/37406471/bdc46fb8-c66a-4667-9afb-562b263c104e_u_large.jpg|https://www.argenprop.com/static-content/37406471/95a7ecd6-ba54-42e6-b797-319762c1abdd_u_large.jpg|https://www.argenprop.com/static-content/37406471/e198904c-0e22-47be-ac50-5fddb710e11a_u_large.jpg|/Content/images/argenprop/argenprop-logo.webp|https://www.argenprop.com/static-content/3166989/2b9fed02-c595-43b1-a8c4-1d0442dbcb47_u_small.jpg|https://www.argenprop.com/static-content/78065101/6c84b0bb-aa05-4266-a8e0-9126f77e8573_u_small.jpg|https://www.argenprop.com/static-content/46485101/d4b45393-185d-4001-bce9-b8e98f062493_u_small.jpg|https://www.argenprop.com/static-content/47585101/8e8abc21-4373-4090-b85c-e615d405d444_u_small.jpg|/content/images/data-fiscal.png|/content/images/agea.png,"{""Tipo de Unidad:"":""Duplex"",""Tipo de operación:"":""Venta"",""Precio:"":""USD 75.000""}",Electricidad|Gas natural|Muebles de cocina|Agua corriente|Electricidad|Gas natural
"68 147 y 148 nro 2623 hay cart 2600, Piso 1",28500,USD,Depto,Venta,La Plata,Los Hornos,50,50,,9,3,1,1,,,Excelente depto. muy amplio opción 2 dor valor contado 28.500 retasado,-34.90571,-58.08764,8 años,,no,no,no,no,no,si,si,https://www.argenprop.com/static-content/3232149/5b776db8-d588-4a1b-b334-28f0ed0cdc9d_u_large.jpg|https://www.argenprop.com/static-content/3232149/0b5a390e-9ab3-4df3-8d5e-368b40054f8c_u_large.jpg|https://www.argenprop.com/static-content/3232149/cce6ede3-6e87-4a8a-b49b-f7cfb2bf0dcd_u_large.jpg|https://www.argenprop.com/static-content/3232149/30faf994-6c9e-4e09-957e-1cbc38baf00d_u_large.jpg|https://www.argenprop.com/static-content/3232149/96eeca37-59a5-4c89-9913-34a10a840397_u_large.jpg|https://www.argenprop.com/static-content/3232149/ab527509-a6b0-44bc-b444-f6ca12eaf0d8_u_large.jpg|https://www.argenprop.com/static-content/3232149/4056b93b-c025-4560-9222-1b36d2c4c2ea_u_large.jpg|https://www.argenprop.com/static-content/3232149/9fa0314d-9901-4007-854d-a2e68bea9311_u_large.jpg|https://www.argenprop.com/static-content/3232149/7b2bb1b9-f7ca-41e7-8fad-5fc38e356084_u_large.jpg|https://www.argenprop.com/static-content/3232149/cb469eed-bda2-411b-b5eb-988a88de5c17_u_large.jpg|https://www.argenprop.com/static-content/3232149/916da4c1-b9d1-432c-8cac-b17a59db5d76_u_large.jpg|https://www.argenprop.com/static-content/3232149/3c685352-1347-4a8d-8aef-62807168806f_u_large.jpg|https://www.argenprop.com/static-content/3232149/0c421484-ba64-4718-af92-8b725a7515c0_u_large.jpg|/Content/images/argenprop/argenprop-logo.webp|https://www.argenprop.com/static-content/97864791/665f75ad-8d9c-46df-9eeb-ce6e4d0940bb_u_small.jpg|https://www.argenprop.com/static-content/56408981/78db0e50-df72-493a-b857-0fecced5f1f2_u_small.jpg|/content/images/data-fiscal.png|/content/images/agea.png,"{""Cant. Dormitorios:"":""1"",""Estado:"":""Muy Bueno"",""Disposición:"":""Frente"",""Orientación:"":""NO"",""Tipo de Balcón:"":""Corrido"",""Tipo de Piso:"":""Flotante y ceramicos"",""Tipo de Unidad:"":""Piso"",""Tipo de operación:"":""Venta"",""Precio:"":""USD 28.500"",""Cant. Pisos:"":""1"",""Deptos. por Piso:"":""1"",""Tipo Edificio:"":""Standard"",""Tipo Frente:"":""Cemento"",""Estado Edificio:"":""Muy Bueno"",""Long. Frente:"":""10 m2"",""Long. Fondo:"":""40 m2""}",Cocina|Living|Agua caliente|Agua corriente|Cable|Gas natural|Termotanque|Pavimento|Agua corriente|Electricidad|Gas envasado|Internet|Teléfono|Agua corriente|Calefacción|Cocina|Electricidad|Gas natural|Internet|Rentas|Termotanque
489 esq 24 Gonnet 4200,294,ARS,Local,Alquiler,La Plata,Gonnet,31,31,,,2,0,1,1,,Local mts camino gral belgrano ubicado calle 489 esq. 24 .,-34.90529,-58.03957,15 años,,no,no,no,no,no,no,no,https://www.argenprop.com/static-content/31926071/1f6f8e19-0361-45aa-ba55-289e1f7a65b6_u_large.jpg|https://www.argenprop.com/static-content/31926071/ca5462dc-135a-45ff-a993-76ea58584d25_u_large.jpg|https://www.argenprop.com/static-content/31926071/2efe9f86-baf7-4bda-b40d-ee0e68bec600_u_large.jpg|https://www.argenprop.com/static-content/31926071/933cbd76-0275-4fb3-984c-109a398df953_u_large.jpg|https://www.argenprop.com/static-content/31926071/ae0cd4db-8f33-4265-a6c2-4fad3b0e810f_u_large.jpg|https://www.argenprop.com/static-content/31926071/8c74843d-15cd-44db-a966-c3c56c867e94_u_large.jpg|https://www.argenprop.com/static-content/31926071/aaa869d7-3d17-4ddf-b152-57f9154cc49c_u_large.jpg|https://www.argenprop.com/static-content/31926071/46bb28ef-62b4-4af1-981b-a36c3f744483_u_large.jpg|https://www.argenprop.com/static-content/31926071/1e111797-b184-4e08-a7a1-3d1136070d3e_u_large.jpg|https://www.argenprop.com/static-content/31926071/e9b17151-ed43-4c36-a0e1-7c335e1c8112_u_large.jpg|https://www.argenprop.com/static-content/31926071/7ddca0e9-aab8-4331-a552-a7e149ef65e6_u_large.jpg|https://www.argenprop.com/static-content/31926071/18315102-cfa2-4d2f-8317-f2c76aadc9f5_u_large.jpg|https://www.argenprop.com/static-content/31926071/40dbec55-437d-4a7b-a8e9-66949239af25_u_large.jpg|https://www.argenprop.com/static-content/31926071/26a4fca1-2139-49ef-ae23-f5141d1ca522_u_large.jpg|https://www.argenprop.com/static-content/31926071/a9b3f460-4725-470c-b2ef-74b82bec1640_u_large.jpg|https://www.argenprop.com/static-content/31926071/85c9a2ac-060d-45f5-b2f7-e72709b31dac_u_large.jpg|/Content/images/argenprop/argenprop-logo.webp|https://www.argenprop.com/static-content/34339681/1e3da48a-08a1-4414-bf90-7259816b4a84_u_small.jpg|/content/images/data-fiscal.png|/content/images/agea.png,"{""Estado:"":""Muy Bueno"",""Ultima Actividad:"":""gastronomia"",""Tipo de Local:"":""Via Publica"",""Metros de la Esquina:"":""10"",""Precio:"":""$ 420.000""}",En Edificio|Baño|Agua cloaca|Agua corriente|Pavimento|Agua corriente|Electricidad
63 e/ 139 y 140,65000,USD,Depto,Venta,La Plata,Los Hornos,2,2,,,3,2,1,,,"Duplex , al frente sobre zona de escuelas, y cercano al centro comercial de los hornos, en p.B. Cocina , comedor y living. Patio. P.A. Dos dormitorios, con placares embutidos",,,,,no,no,no,no,no,si,si,https://www.argenprop.com/static-content/03759281/2aa1f96f-ce33-4ea9-a6b8-68132c809c5a_u_large.jpg|https://www.argenprop.com/static-content/03759281/06bf98bf-d872-4a9c-b6f0-15001f2aad36_u_large.jpg|https://www.argenprop.com/static-content/03759281/eb662d40-91e2-4bd1-bfa9-0e41faa28f1c_u_large.jpg|https://www.argenprop.com/static-content/03759281/aadb9bad-c84d-4792-85f3-095a92b49849_u_large.jpg|https://www.argenprop.com/static-content/03759281/4448b5f0-c522-4ddf-9f29-957e5cac60a0_u_large.jpg|https://www.argenprop.com/static-content/03759281/88c72769-2c8a-4e5e-a92c-3e2010f73893_u_large.jpg|https://www.argenprop.com/static-content/03759281/070dcf43-6748-41e6-8893-4de977de3ac5_u_large.jpg|https://www.argenprop.com/static-content/03759281/af13a1a7-4314-4454-a596-5ca5b5ca71c0_u_large.jpg|https://www.argenprop.com/static-content/03759281/be4337a4-9320-4a31-94ae-e20f6622a6e4_u_large.jpg|https://www.argenprop.com/static-content/03759281/8df0faa7-9cfb-4552-99aa-384622b552d8_u_large.jpg|https://www.argenprop.com/static-content/03759281/2c2a953c-5c10-40c5-89db-5669c6dc1b74_u_large.jpg|https://www.argenprop.com/static-content/03759281/ba0b4a0b-83c7-41b2-b23f-b50c5ee068c6_u_large.jpg|https://www.argenprop.com/static-content/03759281/aaabd90e-db6d-419d-be18-c1cd3fa314b8_u_large.jpg|/Content/images/argenprop/argenprop-logo.webp|https://www.argenprop.com/static-content/60411391/6a7bae8b-b3e0-4bba-8ad5-6d5d2174f1df_u_small.jpg|/content/images/data-fiscal.png|/content/images/agea.png,"{""Cant. Dormitorios:"":""2"",""Cant. Cocheras:"":""1"",""Estado:"":""Excelente"",""Tipo de Unidad:"":""Duplex"",""Tipo de operación:"":""Venta"",""Precio:"":""USD 65.000""}",Baño|Lavadero|Patio|Agua corriente|Electricidad|Gas natural|Permite Mascotas
60 150 Y 151 2700,65000,USD,Casa,Venta,La Plata,Los Hornos,500,110,500,390,5,2,1,,,Casa y local sobre avenida 60 150 y 151 hay cartel toma permuta,-34.960518,-57.98497,25 años,,si,no,si,si,no,si,si,https://www.argenprop.com/static-content/5402489/865d94e0-11a8-4fae-ac4d-27de10035a8d_u_large.jpg|https://www.argenprop.com/static-content/5402489/990f19fd-5cc4-4863-b421-ade674e1572f_u_large.jpg|https://www.argenprop.com/static-content/5402489/bfd469dd-d089-46cc-b11f-854fef499521_u_large.jpg|https://www.argenprop.com/static-content/5402489/95e8ad78-c52c-45f5-bf42-40e9023e8037_u_large.jpg|https://www.argenprop.com/static-content/5402489/87a7c54e-48ae-4151-9bf2-067f69013753_u_large.jpg|https://www.argenprop.com/static-content/5402489/4ff4774f-78ea-4672-a0d3-74102f85f18b_u_large.jpg|https://www.argenprop.com/static-content/5402489/d00ff99b-bfca-4353-a167-bcb2dd7a5b81_u_large.jpg|https://www.argenprop.com/static-content/5402489/72aea612-4d15-42cd-bbb0-d596e12aab58_u_large.jpg|https://www.argenprop.com/static-content/5402489/081e2d08-8173-4057-86a3-5f6f45222199_u_large.jpg|https://www.argenprop.com/static-content/5402489/84bd9ca5-4ba8-4d01-8a0e-ab036cef6d7a_u_large.jpg|https://www.argenprop.com/static-content/5402489/bca6107e-e349-4f34-8e9a-34d066b55925_u_large.jpg|/Content/images/argenprop/argenprop-logo.webp|https://www.argenprop.com/static-content/26684611/2f40979e-d42e-4035-a45d-307a3e4bada7_u_small.jpg|https://www.argenprop.com/static-content/34985611/f76a46b2-636b-4ce3-ba85-967904b52734_u_small.jpg|https://www.argenprop.com/static-content/38967441/ad6e59d5-6098-4c1f-b070-ace1ac2e56f3_u_small.jpg|https://www.argenprop.com/static-content/29157501/31e3aefd-253a-4132-b3be-dacf945e215f_u_small.jpg|/content/images/data-fiscal.png|/content/images/agea.png,"{""Cant. Dormitorios:"":""2"",""Long. Frente:"":""10 m"",""Long. Fondo:"":""50 m"",""Estado:"":""Bueno"",""Tipo de Techo:"":""Chapa"",""Tipo de Piso:"":""Ceramicos"",""Cant. Cocheras:"":""5"",""Orientación:"":""S"",""Tipo de Unidad:"":""Casa"",""Tipo de operación:"":""Venta"",""Precio:"":""USD 65.000""}",Comedor diario|Dormitorio|Escritorio|Fondo libre|Lavadero|Living|Local|Patio|Agua cloaca|Agua corriente|Calefon|Electricidad|Gas natural|Pavimento|Termotanque|Agua corriente|Electricidad|Gas natural|Permite Mascotas
"AVENIDA LURO Y SAN JUAN 4100, Piso 2",65000,USD,Depto,Venta,Mar del Plata,Terminal,70,70,,,3,2,1,,,Departamento zona luro y san juan terminal nueva toma permuta por departamento o casa en la plata o mar del plata,-37.99077,-57.56195,25 años,,no,no,no,no,no,si,si,https://www.argenprop.com/static-content/12492131/85c64b22-bb53-43bf-95e2-5b478b1dccfb_u_large.jpg|https://www.argenprop.com/static-content/12492131/7ea0e3ef-e3c6-4ae6-8538-bc59915231e1_u_large.jpg|https://www.argenprop.com/static-content/12492131/bc83c760-31b1-4e1f-85dc-d477e04aa892_u_large.jpg|https://www.argenprop.com/static-content/12492131/d2b9d30c-5f0d-4418-a32d-8fcb8842ca91_u_large.jpg|https://www.argenprop.com/static-content/12492131/8847e5ff-01a7-4041-b4b9-7c48364e8541_u_large.jpg|https://www.argenprop.com/static-content/12492131/4873e8a6-331a-4841-a1aa-b3ef9ea10b00_u_large.jpg|https://www.argenprop.com/static-content/12492131/be145379-9c66-4b49-8c7b-b0172ea39cb6_u_large.jpg|https://www.argenprop.com/static-content/12492131/34467152-a0f1-4c63-a0a4-07bb60e7d82d_u_large.jpg|https://www.argenprop.com/static-content/12492131/4960d24f-1b65-492b-aee7-210075fc09e2_u_large.jpg|https://www.argenprop.com/static-content/12492131/856a0ae9-eef6-4b86-be61-12b343dd86c7_u_large.jpg|https://www.argenprop.com/static-content/12492131/e925d82d-620f-4ed4-875f-18fab65a8aab_u_large.jpg|https://www.argenprop.com/static-content/12492131/2b835dc6-45a9-4f07-adcd-a537e4793dc2_u_large.jpg|https://www.argenprop.com/static-content/12492131/69aea080-3551-4d30-9bab-6269a7636ca5_u_large.jpg|https://www.argenprop.com/static-content/12492131/c418cf57-9223-4ce5-a0cc-ad9c13f2d8ef_u_large.jpg|https://www.argenprop.com/static-content/12492131/95e4858c-22e3-429f-8787-aaa6f43ae9c0_u_large.jpg|https://www.argenprop.com/static-content/12492131/8a04b684-cbf6-4812-8042-296fa335b6a7_u_large.jpg|https://www.argenprop.com/static-content/12492131/be710c76-df51-4da4-9917-1fba036aadb2_u_large.jpg|/Content/images/argenprop/argenprop-logo.webp|https://www.argenprop.com/static-content/54250881/29d5a9f3-980d-43f7-a026-503deb372fc0_u_small.jpg|https://www.argenprop.com/static-content/26744691/c958679f-7be8-4351-a438-f003061febff_u_small.jpg|https://www.argenprop.com/static-content/64726391/372d9878-fc5c-4182-b191-3d1b4edc9b7e_u_small.jpg|https://www.argenprop.com/static-content/04463791/980c9e08-b598-4661-8d3d-c39124ab864b_u_small.jpg|/content/images/data-fiscal.png|/content/images/agea.png,"{""Cant. Dormitorios:"":""2"",""Estado:"":""Bueno"",""Disposición:"":""Frente"",""Orientación:"":""N"",""Tipo de Balcón:"":""Frances"",""Tipo de Costa:"":""Costa mar"",""Tipo de Vista:"":""Vista ciudad"",""Tipo de Unidad:"":""Departamento"",""Tipo de operación:"":""Venta"",""Precio:"":""USD 65.000"",""Cant. Pisos:"":""6"",""Deptos. por Piso:"":""4"",""Tipo Edificio:"":""Torre"",""Tipo Frente:"":""Cemento"",""Estado Edificio:"":""Muy Bueno"",""Long. Frente:"":""20 m2"",""Long. Fondo:"":""50 m2"",""Sup. Playa:"":""700 m2""}",Agua caliente|Agua corriente|Amoblado|Ascensores de servicio|Desayunador|Electricidad|Gas natural|Termotanque|Pavimento|Agua corriente|Electricidad|Gas natural|Internet|Limpieza|Agua corriente|Electricidad|Gas natural|Ascensor|Termotanque
123 ente 612 y 613,10500,USD,Terreno,Venta,La Plata,Villa Elvira,351,13,,,2,0,1,,,"Lote barrio cerrado mide 12,50 cx 29,25 toma permuta , toma valores financia",,,,,no,no,no,no,no,no,si,https://www.argenprop.com/content/images/facebook-image.jpg|/Content/images/argenprop/argenprop-logo.webp|https://www.argenprop.com/static-content/53651281/6fda5139-439f-467b-8b53-d0a70f8a7d2b_u_small.jpg|https://www.argenprop.com/static-content/0759848/c6195dc3-31d1-4363-9b27-9c83b3901ea7_u_small.jpg|https://www.argenprop.com/static-content/73962011/85fdf390-863b-4ab2-a520-2033c98712d1_u_small.jpg|https://www.argenprop.com/static-content/05379911/6e9987a4-5cd2-454a-9252-8fff3f5c27cd_u_small.jpg|/content/images/data-fiscal.png|/content/images/agea.png,"{""Long. Frente:"":""12,50 m"",""Long. Fondo:"":""29,25 m"",""Medida Lineal Derecha:"":""29.25 m"",""Medida Lineal Izquierda:"":""29.25 m"",""Tipo de : Terreno"":""Terreno"",""Tipo de Pendiente:"":""Plana"",""Precio:"":""USD 10.500""}",Agua corriente|Electricidad|Agua corriente|Electricidad
52 y 140 LOCAL Y DEPTO,80000,USD,Local,Venta,La Plata,Sin barrio,0,0,,,2,0,1,,,"Local a estrenar, entrada de camiones, dimensiones 5 x 15 , mas fondo libre de 5 x15 tms. En planta alta depto de 75 mts, a terminar, dos dormitorios, cocina comedor , baño, opcion permuta de menor valor. Su consulta no molesta.",,,,,no,no,no,no,no,no,si,https://www.argenprop.com/content/images/facebook-image.jpg|/Content/images/argenprop/argenprop-logo.webp|https://www.argenprop.com/static-content/28383581/9d7242f2-ac46-41ee-bcba-7f281f476e28_u_small.jpg|https://www.argenprop.com/static-content/05007781/2d4afb65-8177-40ac-8420-da2202078f66_u_small.jpg|https://www.argenprop.com/static-content/62171711/95d2a9fe-6c2e-42dd-81b7-f83e5e0edfe1_u_small.jpg|https://www.argenprop.com/static-content/64645321/f56aba17-ab4b-49cb-9c8f-ece6111e6440_u_small.jpg|/content/images/data-fiscal.png|/content/images/agea.png,"{""Estado:"":""Muy Bueno"",""Tipo de Local:"":""Via Publica"",""Precio:"":""USD 80.000""}",
Calle 66 esquina 154 2800,65000,USD,Casa,Venta,La Plata,Los Hornos,2,2,,,3,2,1,,,Casa sobre avenidad 66 esq 154 toma permuta menor autos valores . Permuta la costa,-34.970154,-57.98348,30 años,,no,no,si,no,no,si,si,https://www.argenprop.com/content/images/facebook-image.jpg|/Content/images/argenprop/argenprop-logo.webp|https://www.argenprop.com/static-content/26684611/2f40979e-d42e-4035-a45d-307a3e4bada7_u_small.jpg|https://www.argenprop.com/static-content/34985611/f76a46b2-636b-4ce3-ba85-967904b52734_u_small.jpg|https://www.argenprop.com/static-content/38967441/ad6e59d5-6098-4c1f-b070-ace1ac2e56f3_u_small.jpg|https://www.argenprop.com/static-content/5402489/865d94e0-11a8-4fae-ac4d-27de10035a8d_u_small.jpg|/content/images/data-fiscal.png|/content/images/agea.png,"{""Cant. Dormitorios:"":""2"",""Long. Frente:"":""10 m"",""Long. Fondo:"":""20 m"",""Estado:"":""Bueno"",""Tipo de Techo:"":""Chapa"",""Tipo de Piso:"":""Ceramicos y Baldosas"",""Cant. Cocheras:"":""2"",""Orientación:"":""S"",""Tipo de Unidad:"":""Casa"",""Tipo de operación:"":""Venta"",""Precio:"":""USD 65.000""}",Dormitorio|Galería|Hall|Lavadero|Living|Patio|Agua cloaca|Agua corriente|Pavimento
530 e/27 y 28,88000,USD,Casa,Venta,La Plata,Sin barrio,2,2,,,3,2,1,,,"Casa , dos dormitorios, cocina, comedor, baño, garaje pasante semi cubierto, lote de 10 x 45 mts.cercania avenidas 25 y 32. Cinco minutos del centro de la plata. Cercania autopista bs. As. -La plata, estadio unico.",,,1 años,,no,no,no,no,no,no,si,https://www.argenprop.com/static-content/08760481/8c73fc7b-a9f6-4c7a-81b0-e5280c83f800_u_large.jpg|https://www.argenprop.com/static-content/08760481/fcca04df-5634-4303-bdbc-59cd58183f09_u_large.jpg|https://www.argenprop.com/static-content/08760481/cc9ccd54-39fd-44c9-a553-5e40ca9108e3_u_large.jpg|/Content/images/argenprop/argenprop-logo.webp|https://www.argenprop.com/static-content/78149251/2956a51f-3c03-465c-b276-8d9ead3a86e1_u_small.jpg|https://www.argenprop.com/static-content/27815451/9ec5c959-b91a-4fd4-80cc-397c76356c14_u_small.jpg|https://www.argenprop.com/static-content/71877551/457d2998-8aa1-4b58-92f4-be495bdf768c_u_small.jpg|https://www.argenprop.com/static-content/52764651/f2577978-80c0-4eae-a3b2-7e6f74626f53_u_small.jpg|/content/images/data-fiscal.png|/content/images/agea.png,"{""Cant. Dormitorios:"":""2"",""Estado:"":""Bueno"",""Tipo de Unidad:"":""Casa"",""Tipo de operación:"":""Venta"",""Precio:"":""USD 88.000""}",Agua corriente|Electricidad|Gas natural|Permite Mascotas
49 Y 142 2300,85000,USD,Local,Venta,La Plata,San Carlos,85,85,,,2,0,2,2,,"Propiedad en ph, planta baja local comercial de 68mts, planta alta departamento de 1 dormitorio, todo en buenas condiciones.",-34.93319,-58.00583,15 años,,no,no,no,no,no,no,no,https://www.argenprop.com/static-content/77367091/47fb16c7-4f64-4501-be18-2da713269075_u_large.jpg|https://www.argenprop.com/static-content/77367091/0ebeb4f3-fa44-4338-8525-7361130863b9_u_large.jpg|https://www.argenprop.com/static-content/77367091/fdda3c56-1501-4f1a-a2ef-e6c64bc4e923_u_large.jpg|https://www.argenprop.com/static-content/77367091/65c0024c-3a45-479f-a2ee-3b4ef452904f_u_large.jpg|https://www.argenprop.com/static-content/77367091/662aef31-d706-48ce-9931-842306fa9cec_u_large.jpg|https://www.argenprop.com/static-content/77367091/7b739b03-4303-4e8e-901d-6427aecf6b4e_u_large.jpg|https://www.argenprop.com/static-content/77367091/e5a20a86-ed8e-4ee2-aba9-9e19ea5ba897_u_large.jpg|https://www.argenprop.com/static-content/77367091/4007857e-c4f8-40e2-b22d-c52d3fcdddac_u_large.jpg|/Content/images/argenprop/argenprop-logo.webp|https://www.argenprop.com/static-content/96024571/2f73891c-3d57-4db1-b25f-79fc1ab80e70_u_small.jpg|https://www.argenprop.com/static-content/02442391/5ecade45-e8a1-4bcf-bf64-5019d266e4a4_u_small.jpg|/content/images/data-fiscal.png|/content/images/agea.png,"{""Estado:"":""Muy Bueno"",""Ultima Actividad:"":""gastronomia"",""Tipo de Local:"":""Via Publica"",""Metros de la Esquina:"":""11"",""Precio:"":""USD 85.000""}",Propiedad ocupada|Posee Vivienda|Terreno Propio|Agua caliente|Agua cloaca|Aire acondicionado central|Agua corriente|Electricidad|Gas natural|Internet
A metros de la Av 137 y Av 60,57000,USD,Casa,Venta,La Plata,Los Hornos,0,0,,,2,0,1,,,Ubicación: a metros de av 137 y av 60 casa desarrollada en lote 10 x 30 oportunidad de inversión apta para local comercial y desarrollo de vivienda consulte paola comesaña propiedades colegiado 7470 /,,,,,no,no,no,no,no,no,no,https://www.argenprop.com/static-content/11874191/19f114b5-71f0-4fc9-b920-e60ab4604e95_u_large.jpg|/Content/images/argenprop/argenprop-logo.webp|https://www.argenprop.com/static-content/35382391/fbe8cf0b-2862-429b-96ae-176804c3f7d0_u_small.jpg|https://www.argenprop.com/static-content/27271391/d875b197-376d-4295-afa0-805c9743bd34_u_small.jpg|https://www.argenprop.com/static-content/61070791/ae32bea8-b30e-418d-a5f6-a8db0a062796_u_small.jpg|/content/images/data-fiscal.png|/content/images/agea.png,"{""Estado:"":""A Refaccionar"",""Tipo de Unidad:"":""Casa"",""Tipo de operación:"":""Venta"",""Precio:"":""USD 57.000""}",
"DIAGONAL ALBERDI 2300, Piso 6",189000,USD,Depto,Venta,Mar del Plata,Centro,71,3,,,3,2,1,,$ 200.000,"Zona diag. Alberdi al 2.300 6to piso. 3 amb plena vista al mar. Comodidades: living comedor(8.50x 3.00); balcón saliente con vista plena al mar (2x3), amplio y luminoso. Piso porcelanato y aberturas dvh de excelente calidad. Cocina separada con lavadero (1.50 x 5.00) y balcón al lateral (1.00 x 1.50.), Revestido con porcelanato. Heladera con freezer marca samsung, lavarropa drean, cocina escorial y caldera dual agua. Dormitorio principal: a la calle (3.00 x 3.00) vista abierta al mar, piso parquet plastificado. Segundo dormítorio: al lateral (3.00 x 3.00), vista lateral al mar, piso parquet plastificado y placard a medida. Baño completo ( 2 x 3) con terminaciones modernas, toillette (2x1) con detalles de calidad. Calefacción por radiadores en todos los ambientes. Muebles, cortinas y decoración incluidos en el precio de venta. Cochera fija cubierta 1er. Entre piso (16 m2). Superficie total: 71 m2 (aproximado). Precio u$s 189.000 (honorarios 3 porciento). Expensas (aproximado mensual): $ 200.000. Se toman permuta menor o mayor valor . Consultas paola comesaña propiedades col.7.811/",-37.99926,-57.54209,1 años,,no,si,no,no,no,no,si,https://www.argenprop.com/static-content/87400191/18907767-e32d-493a-bf86-a3f7dffd88b5_u_large.jpg|https://www.argenprop.com/static-content/87400191/89a26e83-cf5d-4f8a-b72d-8c66a64ad6c1_u_large.jpg|https://www.argenprop.com/static-content/87400191/36cefe7a-280b-4a21-ac6a-f8734518f9dc_u_large.jpg|https://www.argenprop.com/static-content/87400191/fe53bfdc-f331-446a-a479-47b49703335a_u_large.jpg|https://www.argenprop.com/static-content/87400191/e926dbde-d97e-4c8e-b9d4-5f4f1bea1704_u_large.jpg|https://www.argenprop.com/static-content/87400191/13921e15-c4eb-4394-8be1-0148a01ebbb5_u_large.jpg|https://www.argenprop.com/static-content/87400191/b7c619b2-7134-4d15-a914-863373c86d0e_u_large.jpg|https://www.argenprop.com/static-content/87400191/dc616dbd-959e-4957-92bb-37ad59b85c35_u_large.jpg|/Content/images/argenprop/argenprop-logo.webp|https://www.argenprop.com/static-content/6648146/1b48240b-bd9a-4b17-b71a-23521d8a7ab3_u_small.jpg|https://www.argenprop.com/static-content/38067671/13c89df8-6eeb-434d-a35f-4b0053988931_u_small.jpg|https://www.argenprop.com/static-content/76752771/45ac1815-22e5-43da-87c4-7f401e33e7a6_u_small.jpg|https://www.argenprop.com/static-content/06997771/6adff24e-ab03-49fc-a847-03625ee0011e_u_small.jpg|/content/images/data-fiscal.png|/content/images/agea.png,"{""Cant. Dormitorios:"":""2"",""Cant. Cocheras:"":""1"",""Estado:"":""Excelente"",""Disposición:"":""Frente"",""Tipo de Costa:"":""Costa mar"",""Tipo de Vista:"":""Vista mar"",""Tipo de Unidad:"":""Departamento"",""Tipo de operación:"":""Venta"",""Precio:"":""USD 189.000""}",
43 Y 219 6200,95000,USD,Casa,Venta,La Plata,Lisandro Olmos,400,170,400,230,5,3,1,,,Tambien en venta excelente casa estrenar lote 10 x 40 amplio jardin al frente y cochera casa 170 mts cubiertos pileta - permutaria la plata o mar del plata,-35.014236,-58.070904,4 años,,si,no,si,si,no,no,si,https://www.argenprop.com/static-content/0234539/5d16d5aa-99b0-447b-89b9-71e8cc931afb_u_large.jpg|https://www.argenprop.com/static-content/0234539/0303f9b8-6095-4ab3-9f09-9c5feb69aaba_u_large.jpg|https://www.argenprop.com/static-content/0234539/23d1118a-ab81-4b24-9b37-5ee7c8276850_u_large.jpg|https://www.argenprop.com/static-content/0234539/1ee70f4b-2f19-48b0-8af6-5641c2252cbf_u_large.jpg|https://www.argenprop.com/static-content/0234539/f784f520-5dc3-4266-8d23-69af04bb82e9_u_large.jpg|https://www.argenprop.com/static-content/0234539/c9046e0f-32b9-49dd-89c2-202a41cd03ef_u_large.jpg|https://www.argenprop.com/static-content/0234539/26b5f031-9e60-42f3-99f3-f4d14aa64072_u_large.jpg|https://www.argenprop.com/static-content/0234539/7951d870-cd84-4a82-85fb-79f0872f7570_u_large.jpg|https://www.argenprop.com/static-content/0234539/de4e65f2-27dc-4d5e-8730-2dbce752e229_u_large.jpg|https://www.argenprop.com/static-content/0234539/3640f83b-c3f2-4c84-baa4-405ac6c41612_u_large.jpg|https://www.argenprop.com/static-content/0234539/f177283a-5fe4-4af0-a718-b8e5459221a3_u_large.jpg|https://www.argenprop.com/static-content/0234539/ca874395-8588-482b-88ed-2ac5ca277ad0_u_large.jpg|https://www.argenprop.com/static-content/0234539/906bc519-c807-4263-9810-dfd96f41e2c6_u_large.jpg|https://www.argenprop.com/static-content/0234539/8ab635f7-5456-4f08-9e40-e5da93a3799d_u_large.jpg|/Content/images/argenprop/argenprop-logo.webp|https://www.argenprop.com/static-content/13949571/77c8f689-4209-4cef-8009-85b8e4398ffa_u_small.jpg|https://www.argenprop.com/static-content/25544671/435f0e9b-a944-4a06-8317-d7429da87ace_u_small.jpg|https://www.argenprop.com/static-content/49096671/a75632f9-ee1a-42fe-abce-57b46c912ec5_u_small.jpg|https://www.argenprop.com/static-content/62000771/98fb7971-5202-4605-9ea0-dc08daf63f0e_u_small.jpg|/content/images/data-fiscal.png|/content/images/agea.png,"{""Cant. Dormitorios:"":""3"",""Long. Frente:"":""10 m"",""Long. Fondo:"":""40 m"",""Estado:"":""Excelente"",""Tipo de Techo:"":""Chapa"",""Tipo de Piso:"":""Flotante y ceramicos"",""Cant. Cocheras:"":""4"",""Orientación:"":""SE"",""Tipo de Unidad:"":""CasaQuinta"",""Tipo de operación:"":""Venta"",""Precio:"":""USD 95.000""}",Baño|Comedor|Dependencia de servicio|Dormitorio|Fondo libre|Lavadero|Living|Agua corriente|Cable|Electricidad|Gas natural|Termotanque|Agua corriente|Gas natural|Teléfono
"Alquiler dto calle 3 77 y 78 2000, Piso P.B",400000,USD,Depto,Alquiler,La Plata,Villa Elvira,48,36,,12,2,1,1,,,Dto planta baja por pasillo dto 3 1 dor baño cocina comedor y patio se pide la persona que alquile tenga recibos de sueldo en blanco mas 2 o 3 recibos de sueldo en garantia certificación de todas las firmas $ 200.000 mes mayo 400.000 honorarios de inmobiliaria 1 mes sin mascotas,-34.93176,-57.91692,1 años,,no,no,no,no,no,no,no,https://www.argenprop.com/content/images/facebook-image.jpg|/Content/images/argenprop/argenprop-logo.webp|/content/images/data-fiscal.png|/content/images/agea.png,"{""Cant. Dormitorios:"":""1"",""Estado:"":""Bueno"",""Disposición:"":""Contrafrente"",""Orientación:"":""SE"",""Tipo de Unidad:"":""Departamento"",""Tipo de operación:"":""Alquiler""}",Baño|Cocina|Dormitorio|Lavadero|Living comedor|Patio
182 a 180 y 70 a 72 1800,18000,USD,Terreno,Venta,La Plata,Lisandro Olmos,360,12,,,2,0,1,,,6 lotes barrio procrear escriturados facil acceso asfalto por calle 183 escuela y micro 7 se toman valores automoviles se toman casas dtos mayor valor,-34.9436,-58.0347,,,no,no,no,no,no,no,no,https://www.argenprop.com/content/images/facebook-image.jpg|/Content/images/argenprop/argenprop-logo.webp|https://www.argenprop.com/static-content/65812711/80fa4ad7-6092-49a0-8ff1-6e0a3cf09458_u_small.jpg|https://www.argenprop.com/static-content/48108811/7775b148-3449-4387-928c-cb061785bdb4_u_small.jpg|https://www.argenprop.com/static-content/80739781/b1c9a87d-5476-4637-a1cb-1994374cd18a_u_small.jpg|https://www.argenprop.com/static-content/37126781/46257513-0a9b-447a-be71-daf4f2d822d0_u_small.jpg|/content/images/data-fiscal.png|/content/images/agea.png,"{""Long. Frente:"":""12 m"",""Long. Fondo:"":""30 m"",""Medida Lineal Derecha:"":""30.00 m"",""Medida Lineal Izquierda:"":""30.00 m"",""Tipo de : Terreno"":""Terreno"",""Tipo de Pendiente:"":""Plana"",""Precio:"":""USD 18.000""}",Agua corriente|Alambrados
PLAZA MORENO,175000,USD,Depto,Venta,La Plata,Centro,135,125,,6,4,3,2,,$ 200.000,Dto a la calle en esquina muy luminoso 3 dor 2 baño living escritorio cocina comedor balcon doble dto muy luminoso con cocher acubierta m2 aproximados 124 m2 toma permuta menor valor,,,25 años,,no,si,no,no,no,si,si,https://www.argenprop.com/content/images/facebook-image.jpg|/Content/images/argenprop/argenprop-logo.webp|https://www.argenprop.com/static-content/65447281/cf98c635-5a87-42b6-8d0f-17e4abb68856_u_small.jpg|/content/images/data-fiscal.png|/content/images/agea.png,"{""Cant. Dormitorios:"":""3"",""Cant. Cocheras:"":""1"",""Estado:"":""Muy Bueno"",""Disposición:"":""Frente"",""Orientación:"":""N"",""Tipo de Balcón:"":""Terraza"",""Tipo de Piso:"":""Flotante y ceramicos"",""Tipo de Unidad:"":""Departamento"",""Tipo de operación:"":""Venta"",""Precio:"":""USD 175.000"",""Cant. Pisos:"":""10"",""Deptos. por Piso:"":""4"",""Tipo Edificio:"":""Esquina"",""Tipo Frente:"":""Cemento"",""Estado Edificio:"":""Muy Bueno"",""Long. Frente:"":""10 m2"",""Long. Fondo:"":""25 m2""}",Propiedad ocupada|Cocina|Comedor diario|Escritorio|Living|Palier|Agua caliente|Agua corriente|Ascensor|Cable|Electricidad|Gas natural|Termotanque|Pavimento|Agua corriente|Electricidad|Internet|Agua corriente|Electricidad|Gas natural|Ascensor|Termotanque
67 147 y 148 2600,75500,USD,Casa,Venta,La Plata,Los Hornos,400,130,400,270,5,3,1,,,Casa muy buen estado posibilidad permuta retasada junio 2021 valor contado 125.000 dolares,-34.96523,-57.97563,10 años,,no,no,si,si,no,si,si,https://www.argenprop.com/static-content/9172149/e7f69869-6d20-48e5-8751-703d446ff4ec_u_large.jpg|https://www.argenprop.com/static-content/9172149/deaa1f89-b705-495d-9fb3-d90cd803e09c_u_large.jpg|https://www.argenprop.com/static-content/9172149/d3b35c84-f341-48f7-8dc3-b28b0ed64c6e_u_large.jpg|https://www.argenprop.com/static-content/9172149/4d6730b3-e9b7-4b11-9539-a5d87ebf8654_u_large.jpg|https://www.argenprop.com/static-content/9172149/143ff45d-7952-47ee-88a0-bf94b47ed93b_u_large.jpg|/Content/images/argenprop/argenprop-logo.webp|https://www.argenprop.com/static-content/52764651/f2577978-80c0-4eae-a3b2-7e6f74626f53_u_small.jpg|https://www.argenprop.com/static-content/81730061/311ad35d-71ed-4679-952e-d253f779ecc2_u_small.jpg|https://www.argenprop.com/static-content/93769161/8bbf0000-44b5-4dcf-9739-e8f8a43f90bd_u_small.jpg|https://www.argenprop.com/static-content/5402489/865d94e0-11a8-4fae-ac4d-27de10035a8d_u_small.jpg|/content/images/data-fiscal.png|/content/images/agea.png,"{""Cant. Dormitorios:"":""3"",""Long. Frente:"":""10 m"",""Long. Fondo:"":""40 m"",""Estado:"":""Muy Bueno"",""Tipo de Techo:"":""Chapa"",""Tipo de Piso:"":""Flotante y ceramicos"",""Cant. Cocheras:"":""3"",""Orientación:"":""S"",""Tipo de Unidad:"":""Casa"",""Tipo de operación:"":""Venta"",""Precio:"":""USD 75.500""}",Comedor diario|Dormitorio|Galería|Fondo libre|Lavadero|Living|Agua cloaca|Agua corriente|Aire caliente|Cable|Gas natural|Agua corriente|Gas natural
55 142 y 143 2500,25000,USD,Local,Venta,La Plata,Los Hornos,42,42,,,2,0,2,1,,2 locales o 2 monoambientes faltan terminación toma permuta. Con 2 baños y 2 cocinas .,-34.950943,-57.983006,20 años,,no,no,no,no,no,no,si,https://www.argenprop.com/content/images/facebook-image.jpg|/Content/images/argenprop/argenprop-logo.webp|/content/images/data-fiscal.png|/content/images/agea.png,"{""Estado:"":""Bueno"",""Ultima Actividad:"":""NO SABEMOS"",""Tipo de Local:"":""Via Publica"",""Metros de la Esquina:"":""40"",""Precio:"":""USD 25.000""}",Vidriera|Baño|Cocina|Oficina|Agua cloaca|Agua corriente|Pavimento|Agua corriente|Electricidad
32 147 148 2600,140000,USD,Casa,Venta,La Plata,San Carlos,285,230,250,55,5,4,3,1,,"Casa al frente mas 2 dtos de 1 dor cada uno total m2 185 m2 casa al frente 2 dor baño living comedor patio garaje , 2 2) 2 do dto 1 dor baño cocina y patio 3) 3er dto 1 dor baño living comedor y patio . Toods en muy buen estado y alquilados",-34.93938,-58.01133,10 años,,no,no,no,no,no,no,no,https://www.argenprop.com/content/images/facebook-image.jpg|/Content/images/argenprop/argenprop-logo.webp|https://www.argenprop.com/static-content/7047698/27c979f1-0717-444d-8268-bf29eb1a22f6_u_small.jpg|https://www.argenprop.com/static-content/14303391/a00e8aac-4444-4302-965d-cd330bec780a_u_small.jpg|https://www.argenprop.com/static-content/64145481/4f533a33-bd38-4185-937f-bf79d95bd5da_u_small.jpg|https://www.argenprop.com/static-content/26345481/818bb1f6-33b0-4c35-aafe-d706c76a56c2_u_small.jpg|/content/images/data-fiscal.png|/content/images/agea.png,"{""Cant. Dormitorios:"":""4"",""Long. Frente:"":""10 m"",""Long. Fondo:"":""25 m"",""Estado:"":""Muy Bueno"",""Tipo de Techo:"":""Chapa"",""Cant. Cocheras:"":""3"",""Orientación:"":""S"",""Tipo de Pendiente:"":""Moderada"",""Tipo de Unidad:"":""Casa"",""Tipo de operación:"":""Venta"",""Precio:"":""USD 140.000""}",Baño|Agua corriente|Aire acondicionado central|Agua corriente|Electricidad|Gas natural
SANTA TERESITA 6 Y 35,45000,USD,Depto,Venta,La Plata,Sin barrio,2,2,,,3,2,1,,,"Departamento 1er. Piso por escalera al frente, dos dormitorios, cocina, comedor y baño. Sin cochera excelente ubicacion, buen estado en general. Sin expensas acepta permuta menor valor en el partido de la plata.",,,1 años,,no,no,no,no,no,si,si,https://www.argenprop.com/static-content/43658481/27d350eb-44b9-4779-911b-7c190aec456a_u_large.jpg|https://www.argenprop.com/static-content/43658481/ef4e7f95-3ff2-44c9-98f1-e685188c9f28_u_large.jpg|https://www.argenprop.com/static-content/43658481/69ca8eb3-956e-4881-bf29-f31e8669a842_u_large.jpg|https://www.argenprop.com/static-content/43658481/443f281a-fa5a-400c-8613-3c4ce49d2d79_u_large.jpg|https://www.argenprop.com/static-content/43658481/b9243f18-2470-43ab-b9e4-acb8d3ffe122_u_large.jpg|https://www.argenprop.com/static-content/43658481/e99eae0f-44fe-4c14-85b7-fcdda3355beb_u_large.jpg|https://www.argenprop.com/static-content/43658481/6a5d958e-5c55-45bd-ac9a-d8949e8e0126_u_large.jpg|https://www.argenprop.com/static-content/43658481/2bb9bfa4-d8ac-4891-80c1-d3f785b5582b_u_large.jpg|https://www.argenprop.com/static-content/43658481/f19f0b1d-c17f-4f45-9a4d-12f1285cc2aa_u_large.jpg|/Content/images/argenprop/argenprop-logo.webp|https://www.argenprop.com/static-content/80024301/d24457bb-84c2-42e4-907f-cfc0e4ee7d48_u_small.jpg|https://www.argenprop.com/static-content/32944301/7520f385-1c95-49d5-a5c0-7fe77e3d804d_u_small.jpg|https://www.argenprop.com/static-content/6315635/d050eaf8-f444-4855-8cf0-82c9e7fbfc03_u_small.jpg|https://www.argenprop.com/static-content/9047118/3110e29d-cc97-4a64-bdfa-dca339539118_u_small.jpg|/content/images/data-fiscal.png|/content/images/agea.png,"{""Cant. Dormitorios:"":""2"",""Tipo de Unidad:"":""Departamento"",""Tipo de operación:"":""Venta"",""Precio:"":""USD 45.000""}",Agua corriente|Amoblado|Agua corriente|Electricidad|Gas envasado
49 140 Y 141 2200,33000,USD,Local,Venta,La Plata,Los Hornos,18,18,,,2,0,1,1,,Son 5 locales en venta sobre calle 140 y 141 cada uno es de 3 x 6 con coccina y baño y patio . Toma permutas,-34.93171,-58.0059,10 años,,no,no,no,no,no,no,si,https://www.argenprop.com/static-content/31267091/25858a70-e856-4b38-b91a-9f8922d2498e_u_large.jpg|https://www.argenprop.com/static-content/31267091/b8c1899b-dc8e-4745-b60c-fd8caebce6a1_u_large.jpg|https://www.argenprop.com/static-content/31267091/670d737c-6914-4865-bfed-f85f5f9c4cfd_u_large.jpg|https://www.argenprop.com/static-content/31267091/fa7dc303-023f-4d55-995b-a101c5b53e41_u_large.jpg|/Content/images/argenprop/argenprop-logo.webp|https://www.argenprop.com/static-content/68085081/2b2492f6-0985-4e7f-bf1c-609269e76cac_u_small.jpg|/content/images/data-fiscal.png|/content/images/agea.png,"{""Estado:"":""Muy Bueno"",""Ultima Actividad:"":""gastronomia"",""Tipo de Local:"":""Via Publica"",""Metros de la Esquina:"":""30"",""Precio:"":""USD 33.000""}",Terreno Propio|Baño|Agua cloaca|Agua corriente
"SANTA TERESITA calle 2 entre 33 y 34 200, Piso 2",29500,USD,Depto,Venta,La Plata,Sin barrio,28,26,,2,3,2,1,,$ 18.500,"Santa teresita sobre peatonal a 40 mts del mar, muy buena ubicacion balcon a la calle permuta toma valores",-36.56772,-56.69076,25 años,,no,no,no,no,no,si,si,https://www.argenprop.com/static-content/88085851/23876bd1-ccf6-430a-9d1c-eac9a5e87674_u_large.jpg|https://www.argenprop.com/static-content/88085851/f2f75161-b8b3-4a78-bde7-811dc283f694_u_large.jpg|https://www.argenprop.com/static-content/88085851/74331eeb-03fc-4ef0-b0d5-60905229325f_u_large.jpg|https://www.argenprop.com/static-content/88085851/8f31149a-3948-4f5b-b99e-b9d9b769de95_u_large.jpg|https://www.argenprop.com/static-content/88085851/0ae9bb61-7c42-4e34-9acd-fb57aa27e335_u_large.jpg|https://www.argenprop.com/static-content/88085851/f08d99c5-80d6-4520-8544-ecf8999ad835_u_large.jpg|https://www.argenprop.com/static-content/88085851/5b5b1a9c-1366-4994-9415-6ef08d7e0c78_u_large.jpg|https://www.argenprop.com/static-content/88085851/1d8e41ea-dc39-482a-a8fc-8e3882671c72_u_large.jpg|https://www.argenprop.com/static-content/88085851/05b7320d-9a37-454f-86a8-ab9edb53ab0f_u_large.jpg|https://www.argenprop.com/static-content/88085851/c93717a8-e10a-4f70-ae1f-c13a3ff9a2ae_u_large.jpg|https://www.argenprop.com/static-content/88085851/33de53c8-d806-4653-96d2-89df6bf438f0_u_large.jpg|https://www.argenprop.com/static-content/88085851/e7a2aefb-b19d-46c0-a28b-09d6a6f5c837_u_large.jpg|https://www.argenprop.com/static-content/88085851/4b210b16-906e-4247-b4c4-7d9e43b7b2b8_u_large.jpg|https://www.argenprop.com/static-content/88085851/13abfc94-67a9-42c5-b8c5-d2af3b249cef_u_large.jpg|https://www.argenprop.com/static-content/88085851/49be4237-b928-465c-b4f8-9a713c2164ba_u_large.jpg|https://www.argenprop.com/static-content/88085851/c2612203-3825-4cb7-9582-9a265f38dbde_u_large.jpg|https://www.argenprop.com/static-content/88085851/a88937f5-93cf-4b64-96a8-6700585bde6b_u_large.jpg|https://www.argenprop.com/static-content/88085851/a52be1d3-5b9e-42cc-9c0d-a6a188a386b2_u_large.jpg|https://www.argenprop.com/static-content/88085851/cb5337ab-7095-4982-9ccf-88f52a49a616_u_large.jpg|https://www.argenprop.com/static-content/88085851/607f67e6-4e81-4416-9a87-fb5909dba92b_u_large.jpg|https://www.argenprop.com/static-content/88085851/9bd7241b-6671-4266-bc58-2b770ead10f0_u_large.jpg|https://www.argenprop.com/static-content/88085851/fe7842c6-6436-4570-8d06-c80699615881_u_large.jpg|https://www.argenprop.com/static-content/88085851/d8247cc1-32d8-47f2-b953-668735f5ae4c_u_large.jpg|https://www.argenprop.com/static-content/88085851/0c521bcc-3223-4fab-89b9-16725d34be20_u_large.jpg|https://www.argenprop.com/static-content/88085851/77487a88-a4f0-42d9-8cfa-e36d5a60c85d_u_large.jpg|https://www.argenprop.com/static-content/88085851/a4ecd193-c8dd-4bb0-94c4-142a297487f3_u_large.jpg|https://www.argenprop.com/static-content/88085851/e89ce735-945c-45f6-8f00-ef5a464ac1f2_u_large.jpg|https://www.argenprop.com/static-content/88085851/13fa7784-2bd8-4d9a-8043-3974dbb55caf_u_large.jpg|https://www.argenprop.com/static-content/88085851/ea849214-a831-420d-9c43-cc06f89e5bff_u_large.jpg|/Content/images/argenprop/argenprop-logo.webp|https://www.argenprop.com/static-content/0799999/cdcaee52-b121-40f6-979c-3bec4fcfae26_u_small.jpg|https://www.argenprop.com/static-content/5864398/e5fc5416-660c-4a66-a77e-f0a0120de28f_u_small.jpg|https://www.argenprop.com/static-content/49907401/2dd21c8a-9b5c-482a-b52c-df34abfe4fe1_u_small.jpg|https://www.argenprop.com/static-content/6315635/d050eaf8-f444-4855-8cf0-82c9e7fbfc03_u_small.jpg|/content/images/data-fiscal.png|/content/images/agea.png,"{""Cant. Dormitorios:"":""2"",""Estado:"":""Bueno"",""Disposición:"":""Frente"",""Orientación:"":""S"",""Tipo de Balcón:"":""Frances"",""Tipo de Piso:"":""Ceramicos"",""Tipo de Unidad:"":""Departamento"",""Tipo de operación:"":""Venta"",""Precio:"":""USD 29.500"",""Cant. Pisos:"":""2"",""Deptos. por Piso:"":""8"",""Tipo Edificio:"":""Entre Medianeras"",""Tipo Frente:"":""Cemento"",""Estado Edificio:"":""Bueno"",""Long. Frente:"":""15 m2"",""Long. Fondo:"":""20 m2""}",Agua caliente|Agua corriente|Amoblado|Termotanque|Pavimento|Agua corriente|Calefacción|Electricidad|Permite Mascotas|Agua corriente|Electricidad|Termotanque
Zona 46 y 146 2500,185000,USD,Casa,Venta,La Plata,Los Hornos,1,140,1,900,6,4,1,,,"Importante casa quinta muy moderna, muy buenas aberturas, amplios ambientes pileta , fondo, plantas y arboles, todo terreno cerrado toma permuta menor retasada noviembre 2.021 contado 185.000 dolares se toman valores menor valor , se financia",-34.938236,-58.00803,25 años,,si,no,si,si,no,si,si,https://www.argenprop.com/static-content/3148109/cf4bf439-4c4d-4e32-bf6b-d90c68773821_u_large.jpg|https://www.argenprop.com/static-content/3148109/7c67821e-a7c8-487c-a9bb-2d9355af724a_u_large.jpg|https://www.argenprop.com/static-content/3148109/562b1d77-fccf-4508-bb0e-394df534f72f_u_large.jpg|https://www.argenprop.com/static-content/3148109/c3d2e968-eaf5-4173-9298-036c4916b7fb_u_large.jpg|https://www.argenprop.com/static-content/3148109/4593b888-acbb-434a-a2ff-f7dcd98f0995_u_large.jpg|https://www.argenprop.com/static-content/3148109/208afcd2-80bc-4b1d-b55e-0b8bba4c04b9_u_large.jpg|https://www.argenprop.com/static-content/3148109/5baac057-4d9d-4b1b-a497-4ffdc03b747a_u_large.jpg|https://www.argenprop.com/static-content/3148109/77093455-7aeb-4a28-a99b-5e009dd05132_u_large.jpg|https://www.argenprop.com/static-content/3148109/01698e17-a55d-4656-a37c-b86866418208_u_large.jpg|https://www.argenprop.com/static-content/3148109/530d9da3-472c-4bdb-89d7-936821bfd7a4_u_large.jpg|https://www.argenprop.com/static-content/3148109/1b63048e-5eb1-4c59-be8e-21d97a5c9cfb_u_large.jpg|https://www.argenprop.com/static-content/3148109/e086f1c2-1539-483b-9cb4-7f7719c49575_u_large.jpg|https://www.argenprop.com/static-content/3148109/2e7b6d8e-e5bc-4be4-94dc-eae9920cf46b_u_large.jpg|https://www.argenprop.com/static-content/3148109/b2112048-2428-45de-a8af-29d89c934246_u_large.jpg|https://www.argenprop.com/static-content/3148109/869929eb-9fc2-4613-8d7e-df3db5f2bb8d_u_large.jpg|https://www.argenprop.com/static-content/3148109/6aa050d6-7203-4cbf-a697-2612653701db_u_large.jpg|https://www.argenprop.com/static-content/3148109/17584740-f47e-4d5f-9593-2cfe40021e6d_u_large.jpg|https://www.argenprop.com/static-content/3148109/8f417bb0-d1a4-4abe-b83f-67196a0f4aa3_u_large.jpg|https://www.argenprop.com/static-content/3148109/42741654-a890-4db1-9f85-e16fd87d9be4_u_large.jpg|https://www.argenprop.com/static-content/3148109/43aa0171-db2c-45de-8064-44c351af7b66_u_large.jpg|https://www.argenprop.com/static-content/3148109/900bea8f-527c-4857-9381-81eacc8c4453_u_large.jpg|https://www.argenprop.com/static-content/3148109/0949d318-685d-4181-821a-0cb7b488f19c_u_large.jpg|https://www.argenprop.com/static-content/3148109/ea0bef35-a861-4c5e-b5b1-7b9631784c7f_u_large.jpg|/Content/images/argenprop/argenprop-logo.webp|https://www.argenprop.com/static-content/3322298/eec470ae-b836-41f9-a23b-b9c3ae9b855f_u_small.jpg|https://www.argenprop.com/static-content/8737466/0f80c03d-6efd-4937-a403-9f0c98d88276_u_small.jpg|https://www.argenprop.com/static-content/35920181/6ba97276-ad36-4f18-935a-c0b54f0879c6_u_small.jpg|https://www.argenprop.com/static-content/06501181/90ca264e-c564-492f-86b5-0a60f91f05f5_u_small.jpg|/content/images/data-fiscal.png|/content/images/agea.png,"{""Cant. Dormitorios:"":""4"",""Long. Frente:"":""26 m"",""Long. Fondo:"":""40 m"",""Estado:"":""Muy Bueno"",""Tipo de Techo:"":""Chapa"",""Tipo de Piso:"":""Ceramicos y Baldosas"",""Cant. Cocheras:"":""8"",""Orientación:"":""SO"",""Tipo de Unidad:"":""CasaQuinta"",""Tipo de operación:"":""Venta"",""Precio:"":""USD 185.000""}",Baño|Comedor|Dormitorio|Escritorio|Galería|Lavadero|Living|Patio|Agua corriente|Aire caliente|Cable|Calefacción tiro balanceado|Electricidad|Gas natural|Muebles de cocina|Agua corriente|Calefacción|Electricidad|Gas natural|Teléfono
3 Y 472,18000,USD,Terreno,Venta,La Plata,Sin barrio,260,260,,,2,0,1,,,"Consulte por lotes , desde 18000 dolares.",,,,,no,no,no,no,no,no,no,https://www.argenprop.com/content/images/facebook-image.jpg|/Content/images/argenprop/argenprop-logo.webp|https://www.argenprop.com/static-content/85703301/5bedc452-732a-4abe-bb88-ebe04f3003e1_u_small.jpg|https://www.argenprop.com/static-content/28144901/fb889fe4-7fb1-495a-ad6b-6f2808a7a288_u_small.jpg|https://www.argenprop.com/static-content/59665901/97f96d1f-d7c8-42ae-a631-4aa7b4520172_u_small.jpg|https://www.argenprop.com/static-content/18330611/bc8beac9-454f-4347-b45d-d77715aa6bd5_u_small.jpg|/content/images/data-fiscal.png|/content/images/agea.png,"{""Precio:"":""USD 18.000""}",
139 y 69,230000,USD,Casa,Venta,La Plata,Los Hornos,4,4,,,5,4,2,2,,"Casa impecable, en cercania de las avenidas 66 y 137, colegios, iglesia , bancos y comercios y lineas de transporte. Excelente estado desarrollada en dos plantas, parque con pileta, quincho completo, baño y parrilla. Detalles de categoria, ambientes amplios, cuatro habitaciones, dos baños, cocina con ista, living, comedor, lavadero cubierto completo y garage cubierto y pasante . No apto banco, posibilidad de tomar departamentos en parte de pago, consulte.",,,,,no,no,no,no,no,no,no,https://www.argenprop.com/static-content/71269971/76de2d06-359b-4cd5-ab69-91fea3743f5b_u_large.jpg|https://www.argenprop.com/static-content/71269971/95b9b38a-a0ec-49c8-81c9-33a580b40a67_u_large.jpg|https://www.argenprop.com/static-content/71269971/1222bdef-92c8-48c8-9426-1010596fc040_u_large.jpg|https://www.argenprop.com/static-content/71269971/3b05a413-f64a-42c3-82d4-67a75dd47dca_u_large.jpg|https://www.argenprop.com/static-content/71269971/b6aa43a3-9ff8-40e5-a6b7-178410d7d5fb_u_large.jpg|https://www.argenprop.com/static-content/71269971/c659213f-4965-4857-8508-152a6c41c2da_u_large.jpg|https://www.argenprop.com/static-content/71269971/73e07fa8-cfe9-42be-886f-e8b59903b79f_u_large.jpg|https://www.argenprop.com/static-content/71269971/b44f2012-ba81-4aff-b36d-9ae79961c3f7_u_large.jpg|https://www.argenprop.com/static-content/71269971/7d3cd641-f91e-43d8-b9ba-3464f568334c_u_large.jpg|https://www.argenprop.com/static-content/71269971/0c4344b7-c5d1-42e2-be08-f6f58d0d7e1b_u_large.jpg|/Content/images/argenprop/argenprop-logo.webp|https://www.argenprop.com/static-content/50279381/b40ba54d-1bad-411e-bb1e-025dfeef8c79_u_small.jpg|/content/images/data-fiscal.png|/content/images/agea.png,"{""Cant. Dormitorios:"":""4"",""Tipo de Unidad:"":""Casa"",""Tipo de operación:"":""Venta"",""Precio:"":""USD 230.000""}",Agua cloaca|Agua corriente|Electricidad|Espacio para vehículo|Gas natural|Muebles de cocina
158 e/ 79 y 80 bis,11500,USD,Terreno,Venta,La Plata,Sin barrio,300,300,,,2,0,1,,,"Vende titular con escritura, parte indivisa. Venta directa.",,,,,no,no,no,no,no,no,no,https://www.argenprop.com/content/images/facebook-image.jpg|/Content/images/argenprop/argenprop-logo.webp|https://www.argenprop.com/static-content/90966801/62d840f9-9559-4448-ada7-2d8aeff4cad6_u_small.jpg|https://www.argenprop.com/static-content/1306918/88c97e7b-d9ea-45ed-8df8-f54d3205f490_u_small.jpg|https://www.argenprop.com/static-content/6406918/050f71eb-35f7-46b8-bbc7-adf9da763e25_u_small.jpg|https://www.argenprop.com/static-content/7406918/560c6f06-dbc1-4ca0-a72f-27dc6645ec4f_u_small.jpg|/content/images/data-fiscal.png|/content/images/agea.png,"{""Precio:"":""USD 11.500""}",
37 e 164 y 165,40000,USD,Terreno,Venta,La Plata,Sin barrio,1,1,,,2,0,1,,,"Lote en venta de 20 x 50 mts , dolares 40000, escriturado.",,,,,no,no,no,no,no,no,no,https://www.argenprop.com/content/images/facebook-image.jpg|/Content/images/argenprop/argenprop-logo.webp|https://www.argenprop.com/static-content/5474945/424fb73d-2f9c-42b7-954c-3305df5cd7af_u_small.jpg|https://www.argenprop.com/static-content/1521916/307fb141-a7fa-4b69-99d0-958343023e38_u_small.jpg|https://www.argenprop.com/static-content/8521916/8a342123-04c6-47f8-8490-5a26472902d6_u_small.jpg|https://www.argenprop.com/static-content/9031916/737c041d-bf8a-488e-aff4-e28edeacf4ac_u_small.jpg|/content/images/data-fiscal.png|/content/images/agea.png,"{""Precio:"":""USD 40.000""}",
"LURO Y SAN LUIS 2300, Piso 2",139000,USD,Depto,Venta,Mar del Plata,Centro,174,174,,3,4,3,2,,,"Dto zona luro y san luis 3er piso con balcon a la calle , 3 dor, 2 baños, living comedor cocina para cocinar y lavadero cubierto. Operacion contado",-37.99855,-57.54667,40 años,,no,si,no,no,no,si,no,https://www.argenprop.com/static-content/76752771/45ac1815-22e5-43da-87c4-7f401e33e7a6_u_large.jpg|https://www.argenprop.com/static-content/76752771/a33fcfa9-5a10-4fde-83c2-b3b9f4276999_u_large.jpg|https://www.argenprop.com/static-content/76752771/b5f83fca-ae05-42fd-84cc-284f4eb4379e_u_large.jpg|https://www.argenprop.com/static-content/76752771/2e4de744-cf72-4a28-88a4-9c4409ef5c03_u_large.jpg|https://www.argenprop.com/static-content/76752771/7050db34-a3fc-44b5-8367-d457cc41e4fa_u_large.jpg|https://www.argenprop.com/static-content/76752771/9e3b1685-f126-4fca-af2c-e9bcd3ea7524_u_large.jpg|https://www.argenprop.com/static-content/76752771/e3956ba4-918c-412a-8041-9e76aec3683e_u_large.jpg|https://www.argenprop.com/static-content/76752771/40c3470a-f1eb-4b7a-890e-a6e1cb14e0a2_u_large.jpg|https://www.argenprop.com/static-content/76752771/b243ed9b-2874-4a42-888a-c83c03eebe32_u_large.jpg|https://www.argenprop.com/static-content/76752771/d3a866fc-328e-49a7-ab96-d55c504549cb_u_large.jpg|https://www.argenprop.com/static-content/76752771/3ac51f2e-6974-4a8f-8889-6b8e6deb6b07_u_large.jpg|https://www.argenprop.com/static-content/76752771/b3c30735-ddc3-4a98-b6cb-7faaefc01c78_u_large.jpg|https://www.argenprop.com/static-content/76752771/019100a4-cfe0-4d1f-9eee-7d979cd7f452_u_large.jpg|https://www.argenprop.com/static-content/76752771/bf977588-49ee-4be5-8fef-bc004cc50739_u_large.jpg|https://www.argenprop.com/static-content/76752771/1fc13180-7b4c-4850-9c47-a19d42a2e061_u_large.jpg|/Content/images/argenprop/argenprop-logo.webp|https://www.argenprop.com/static-content/75530481/f9206a91-e43c-4485-9759-92bc4d431e5e_u_small.jpg|https://www.argenprop.com/static-content/16462481/da04804b-6bd8-4ce9-aaa1-36fc595a81a2_u_small.jpg|https://www.argenprop.com/static-content/94835481/6098596c-afb8-451b-b438-90757d407590_u_small.jpg|https://www.argenprop.com/static-content/25156481/37c303f3-099b-48b3-98f0-cda090ec2f47_u_small.jpg|/content/images/data-fiscal.png|/content/images/agea.png,"{""Cant. Dormitorios:"":""3"",""Estado:"":""Excelente"",""Disposición:"":""Frente"",""Orientación:"":""N"",""Tipo de Balcón:"":""Corrido"",""Tipo de Unidad:"":""Departamento"",""Tipo de operación:"":""Venta"",""Precio:"":""USD 139.000"",""Cant. Pisos:"":""14"",""Deptos. por Piso:"":""6"",""Tipo Edificio:"":""Entre Medianeras"",""Tipo Frente:"":""Cemento"",""Estado Edificio:"":""Bueno"",""Long. Frente:"":""10 m2"",""Long. Fondo:"":""30 m2"",""Sup. Playa:"":""700 m2""}",Cocina|Living|Palier|Agua caliente|Ascensor|Gas natural|Muebles de cocina|Termotanque|Pavimento|Agua corriente|Calefacción|Agua corriente|Calefacción|Cocina|Electricidad|Gas natural|Termotanque
"SANTA TERESITA centro 35 Y 8 400, Piso 2DO",37500,USD,Depto,Venta,La Plata,Sin barrio,40,40,,,3,2,1,,$ 2.000,Santa teresita dto 2 dor baño living comedor balcon terraza con lavadero y parrilla . Permuta toma valores,-36.55069,-56.698223,15 años,,no,si,no,no,no,si,si,https://www.argenprop.com/static-content/04687771/2416821d-7917-43c3-a46d-2003ae6490de_u_large.jpg|https://www.argenprop.com/static-content/04687771/46f9a77a-24b4-4172-a360-e645df836e67_u_large.jpg|https://www.argenprop.com/static-content/04687771/704955a7-d4df-4aec-b7c9-91c198dfd155_u_large.jpg|https://www.argenprop.com/static-content/04687771/1b658d23-215e-4070-92da-7462760a285e_u_large.jpg|https://www.argenprop.com/static-content/04687771/9c21fd08-d0c6-4224-910d-a33b237080f1_u_large.jpg|https://www.argenprop.com/static-content/04687771/25c8776e-e9e4-44e0-8ba6-02b643a3f744_u_large.jpg|https://www.argenprop.com/static-content/04687771/d2580e26-10a9-421b-977b-88352d1c02a6_u_large.jpg|https://www.argenprop.com/static-content/04687771/27450da1-edca-46a2-a390-db12c135969c_u_large.jpg|https://www.argenprop.com/static-content/04687771/7263299a-a906-4494-99f8-616d9da85cff_u_large.jpg|https://www.argenprop.com/static-content/04687771/5bbdc8e3-cd4d-46f8-8bea-0b211c07d82c_u_large.jpg|https://www.argenprop.com/static-content/04687771/f3f7ab0d-937d-49e8-90d1-50ea9bc325a8_u_large.jpg|https://www.argenprop.com/static-content/04687771/d0c0a680-26e5-47fa-97ab-c68ca74412fa_u_large.jpg|/Content/images/argenprop/argenprop-logo.webp|https://www.argenprop.com/static-content/80024301/d24457bb-84c2-42e4-907f-cfc0e4ee7d48_u_small.jpg|https://www.argenprop.com/static-content/32944301/7520f385-1c95-49d5-a5c0-7fe77e3d804d_u_small.jpg|https://www.argenprop.com/static-content/6315635/d050eaf8-f444-4855-8cf0-82c9e7fbfc03_u_small.jpg|https://www.argenprop.com/static-content/9047118/3110e29d-cc97-4a64-bdfa-dca339539118_u_small.jpg|/content/images/data-fiscal.png|/content/images/agea.png,"{""Cant. Dormitorios:"":""2"",""Cant. Cocheras:"":""1"",""Estado:"":""Muy Bueno"",""Disposición:"":""Frente"",""Orientación:"":""N"",""Tipo de Piso:"":""Ceramicos"",""Tipo de Unidad:"":""Departamento"",""Tipo de operación:"":""Venta"",""Precio:"":""USD 37.500"",""Cant. Pisos:"":""3"",""Deptos. por Piso:"":""4"",""Tipo Edificio:"":""Torre"",""Tipo Frente:"":""Cemento"",""Estado Edificio:"":""Muy Bueno"",""Long. Frente:"":""20 m2"",""Long. Fondo:"":""30 m2""}",Cocina|Living|Agua caliente|Agua corriente|Electricidad|Gas envasado|Muebles de cocina|Termotanque|Pavimento|Agua corriente|Electricidad|Gas envasado|Termotanque
ZONA 56 Y 25 1400,85000,USD,Casa,Venta,La Plata,Parque San Martín,100,77,100,23,3,2,1,1,,,-34.93486,-57.96432,40 años,,no,no,no,no,no,si,no,https://www.argenprop.com/static-content/21021871/7e6cb21c-3977-4441-98b1-7e6b9cbc72ab_u_large.jpg|https://www.argenprop.com/static-content/21021871/13a0dcea-ab93-43e3-b0b0-99e9f96b3fda_u_large.jpg|https://www.argenprop.com/static-content/21021871/99de733d-6fa0-454b-b29c-7ab2a9993c14_u_large.jpg|https://www.argenprop.com/static-content/21021871/283389e4-5213-4b3a-b607-febfc29aa3a2_u_large.jpg|https://www.argenprop.com/static-content/21021871/05cecdd8-edb1-4232-b819-9ad5d6dc2832_u_large.jpg|https://www.argenprop.com/static-content/21021871/49a050c3-d382-42ae-854a-b6e2b26b5183_u_large.jpg|https://www.argenprop.com/static-content/21021871/a5a67fda-052c-4b7f-9b47-d3135a5c8b85_u_large.jpg|https://www.argenprop.com/static-content/21021871/b0eee2bc-640c-4f0f-bbb1-d16f8466dbaf_u_large.jpg|https://www.argenprop.com/static-content/21021871/edee370a-f211-478f-a6a9-7d771c7742e3_u_large.jpg|https://www.argenprop.com/static-content/21021871/315f7cba-37ed-4378-b54a-529c5cec5c2d_u_large.jpg|https://www.argenprop.com/static-content/21021871/ec4dfdd8-1ffa-4866-99fa-ad8d3d325ee6_u_large.jpg|https://www.argenprop.com/static-content/21021871/60676762-0b63-40ce-9269-c0a57070a2c5_u_large.jpg|https://www.argenprop.com/static-content/21021871/a5a44867-9c94-4f65-bb2b-a415f4da1e56_u_large.jpg|https://www.argenprop.com/static-content/21021871/04c2ba98-e377-4993-8c59-861a12c2d583_u_large.jpg|https://www.argenprop.com/static-content/21021871/1109fe56-b20b-443d-b5f0-4bc3ff19610e_u_large.jpg|https://www.argenprop.com/static-content/21021871/772cd5d3-fe90-4e41-bf85-5bd478efb2b7_u_large.jpg|https://www.argenprop.com/static-content/21021871/6df1cfed-52c4-404b-821f-91442dda59cf_u_large.jpg|https://www.argenprop.com/static-content/21021871/312aa22d-5107-43ad-8cb6-7309b772d2d2_u_large.jpg|https://www.argenprop.com/static-content/21021871/22f6e104-876c-4326-ab56-dcfeba31025b_u_large.jpg|https://www.argenprop.com/static-content/21021871/6119a894-d5c9-46bc-8cae-b6a5d2d56ddf_u_large.jpg|/Content/images/argenprop/argenprop-logo.webp|/content/images/data-fiscal.png|/content/images/agea.png,"{""Cant. Dormitorios:"":""2"",""Long. Frente:"":""10 m"",""Long. Fondo:"":""10 m"",""Estado:"":""Muy Bueno"",""Tipo de Techo:"":""Chapa"",""Tipo de Piso:"":""Ceramicos"",""Cant. Cocheras:"":""2"",""Orientación:"":""S"",""Tipo de Unidad:"":""Casa"",""Tipo de operación:"":""Venta"",""Precio:"":""USD 85.000""}",Baño|Comedor diario|Lavadero|Living|Patio|Agua cloaca|Agua corriente|Agua corriente|Electricidad|Gas natural|Permite Mascotas
125 bis e/77 y 77 bis,45000,USD,Casa,Venta,La Plata,Sin barrio,2,2,,,3,2,1,2,,"Casa al frente, dos plantas, con garaje cubierto, dos dormitorios desarrollados en planta alta , cocina concepto abierto, con pasa platos con muebles alto y bajo mesada. Fondo libre y construccion anexa.",,,1 años,,no,no,no,no,no,no,no,https://www.argenprop.com/static-content/31346381/5f48a078-e0a9-4ab9-b469-581ef6850289_u_large.jpg|https://www.argenprop.com/static-content/31346381/5fd4504a-3263-4d24-a894-6208f62caf0e_u_large.jpg|https://www.argenprop.com/static-content/31346381/5b985d17-e1e5-45ae-94d2-c7243a24789a_u_large.jpg|https://www.argenprop.com/static-content/31346381/90ca116e-be31-4fec-b6e1-ca96f788151b_u_large.jpg|https://www.argenprop.com/static-content/31346381/94b7cc14-2e58-44f5-938b-cbd6b64cb682_u_large.jpg|https://www.argenprop.com/static-content/31346381/6ec4b4e2-88aa-47a3-bd29-1fce4cd11d2f_u_large.jpg|https://www.argenprop.com/static-content/31346381/9c7f9c8d-78b9-48b2-bb09-0348ef2fde6a_u_large.jpg|https://www.argenprop.com/static-content/31346381/07497ddc-95ba-4eee-bb3f-7a6674848e01_u_large.jpg|https://www.argenprop.com/static-content/31346381/5e9f69d4-6141-4ccb-8b50-faa6005b9151_u_large.jpg|/Content/images/argenprop/argenprop-logo.webp|https://www.argenprop.com/static-content/25282551/15d384c1-26fd-4d74-85ab-405556b7e3f7_u_small.jpg|https://www.argenprop.com/static-content/88383551/70561ffb-fb0c-447c-881e-e058461db729_u_small.jpg|https://www.argenprop.com/static-content/14569851/85ceb8f2-1762-42b5-b4ce-330fafc750df_u_small.jpg|https://www.argenprop.com/static-content/18147951/c05a51cf-0208-4f70-9a33-91e33f06386b_u_small.jpg|/content/images/data-fiscal.png|/content/images/agea.png,"{""Cant. Dormitorios:"":""2"",""Cant. Cocheras:"":""1"",""Tipo de Unidad:"":""Casa"",""Tipo de operación:"":""Venta"",""Precio:"":""USD 45.000""}",Baño|Agua corriente|Agua corriente|Electricidad|Gas natural
"Alvear y balcarce lote 10,40 x 37,74",57000,USD,Terreno,Venta,La Plata,Dolores,385,1,,,2,0,1,,,"Alvear y balcarce lote 10,40 x 37,74 zona de las termas de dolores",,,,,no,no,no,no,no,no,no,https://www.argenprop.com/content/images/facebook-image.jpg|/Content/images/argenprop/argenprop-logo.webp|https://www.argenprop.com/static-content/09296181/3391c5c1-f024-4324-89d3-2467f35770ef_u_small.jpg|https://www.argenprop.com/static-content/89921091/b750c00c-2ba7-4c8e-9d58-affb30b31e43_u_small.jpg|https://www.argenprop.com/static-content/36671691/3b976b1b-cd9a-4c3c-8704-f8e5c9c45f34_u_small.jpg|/content/images/data-fiscal.png|/content/images/agea.png,"{""Long. Frente:"":""3.774 m"",""Long. Fondo:"":""1.040 m"",""Fot:"":""11"",""FOS:"":""11"",""Zonificación:"":""11"",""Precio:"":""USD 57.000""}",Demolición|Fondo Irregular|Lateral Derecho Irregular|Lateral Izquierdo Irregular|Agua cloaca|Agua corriente|Electricidad
"64 e/ 1 y 2 , Piso 2",22000,USD,Depto,Venta,La Plata,Sin barrio,0,0,,,2,0,1,,,"Oportunidad, inversion. Departamento monoambiente con cocina separada, 2do. Piso por escalera, cercania facultades, centro de la cuidad, organismos publicos, omnibus , hospital ,. Servicios, agua, luz, gas natural.",,,1 años,,no,no,no,no,no,no,no,https://www.argenprop.com/content/images/facebook-image.jpg|/Content/images/argenprop/argenprop-logo.webp|https://www.argenprop.com/static-content/3232149/5b776db8-d588-4a1b-b334-28f0ed0cdc9d_u_small.jpg|https://www.argenprop.com/static-content/42821181/cbe467a7-f76f-4154-a515-b09f19f78715_u_small.jpg|https://www.argenprop.com/static-content/34001281/d28e3744-963c-48b2-b9d2-127b9b7e397e_u_small.jpg|/content/images/data-fiscal.png|/content/images/agea.png,"{""Estado:"":""Bueno"",""Tipo de Unidad:"":""Departamento"",""Tipo de operación:"":""Venta"",""Precio:"":""USD 22.000""}",
67 y 141,90000,USD,Casa,Venta,La Plata,Los Hornos,0,0,,,2,0,1,1,,"Casa lote 200 mts cuadrados aprox, la propiedad se encuentra al frente y consta de : jardin al frente y garage cubierto , ingreso por living comedor amplio, cocina contrafrente, posee dos dormitorios, uno al frente y otro a contrafrente y baño principal. Patio donde se encuentra un quincho cerrado con sus instalaciones correspondientes. No apto banco. Se aceptan permutas por el 50 por ciento de su valor.",,,,,si,no,no,no,no,no,si,https://www.argenprop.com/content/images/facebook-image.jpg|/Content/images/argenprop/argenprop-logo.webp|https://www.argenprop.com/static-content/10213391/273bce12-6ec4-4bc7-ac31-0d820f9bbd53_u_small.jpg|https://www.argenprop.com/static-content/12979391/1bace0d8-f36f-43e3-99f6-8c77b9be21d6_u_small.jpg|https://www.argenprop.com/static-content/51087291/f0df94d8-a641-401a-854f-2dedf3f8961b_u_small.jpg|https://www.argenprop.com/static-content/90311391/88a45878-ccf2-4fe8-8851-716cf1e26adb_u_small.jpg|/content/images/data-fiscal.png|/content/images/agea.png,"{""Estado:"":""Bueno"",""Tipo de Techo:"":""Chapa"",""Tipo de Piso:"":""Ceramicos y Baldosas"",""Cant. Cocheras:"":""1"",""Tipo de Unidad:"":""Casa"",""Tipo de operación:"":""Venta"",""Precio:"":""USD 90.000""}",Baño|Dormitorio|Agua cloaca|Agua corriente|Cable|Electricidad|Gas natural
Zona 42 y 197,50000,USD,Casa,Venta,La Plata,Lisandro Olmos,300,100,300,200,4,3,1,1,,Permuta mar del plata apta banco,,,30 años,,no,no,no,si,no,si,si,https://www.argenprop.com/static-content/32450571/264deb15-e966-42db-817d-15325b3fb77a_u_large.jpg|https://www.argenprop.com/static-content/32450571/b0c3e8e1-845d-4e43-a5ab-c26f52f41f51_u_large.jpg|https://www.argenprop.com/static-content/32450571/84ca12d3-7e6f-4d56-bbde-a0aeab6eb912_u_large.jpg|https://www.argenprop.com/static-content/32450571/b23d4a96-7e4c-4a97-81ac-9153bfde32d5_u_large.jpg|https://www.argenprop.com/static-content/32450571/ce8097d7-79b3-40c0-a1ec-5043b490deab_u_large.jpg|https://www.argenprop.com/static-content/32450571/3622fd77-a0c4-4533-a160-12d1de0ca26c_u_large.jpg|https://www.argenprop.com/static-content/32450571/20388dd2-ef01-40b9-85a0-e08018d5a01f_u_large.jpg|https://www.argenprop.com/static-content/32450571/302a2f12-890e-4151-a60d-5fcc933f35a9_u_large.jpg|https://www.argenprop.com/static-content/32450571/a64b496f-e7a7-4316-a363-3b1ed05ea94c_u_large.jpg|https://www.argenprop.com/static-content/32450571/b336fcf5-6769-4b6a-b3b1-440bda14ca34_u_large.jpg|https://www.argenprop.com/static-content/32450571/3f68f903-ed5a-42ba-81f0-96a5b8d472c2_u_large.jpg|https://www.argenprop.com/static-content/32450571/2254b577-ddb8-4b0e-9c99-68a444e8e261_u_large.jpg|https://www.argenprop.com/static-content/32450571/6420815d-858b-4a70-a9b6-232dfb6f0f35_u_large.jpg|https://www.argenprop.com/static-content/32450571/373c6730-8f16-4935-8f9a-0d8774b5b0a7_u_large.jpg|https://www.argenprop.com/static-content/32450571/2fbb4d4b-08c5-4de4-8d38-94884e05618e_u_large.jpg|https://www.argenprop.com/static-content/32450571/cc3d35be-7691-435b-899d-0002455a4d80_u_large.jpg|https://www.argenprop.com/static-content/32450571/472cc355-aadc-4f40-af5e-e47d70138bb0_u_large.jpg|/Content/images/argenprop/argenprop-logo.webp|https://www.argenprop.com/static-content/22819281/ac030e3a-4d39-4556-8af9-c115707e7206_u_small.jpg|https://www.argenprop.com/static-content/76214191/96fc57df-96c2-45e2-8436-4d020f208fb0_u_small.jpg|https://www.argenprop.com/static-content/67604671/1b7cea5f-9f95-4047-ae6b-1fa927d15184_u_small.jpg|https://www.argenprop.com/static-content/72913081/8df28fd1-1ac2-4465-95ce-0c4c98cdaf11_u_small.jpg|/content/images/data-fiscal.png|/content/images/agea.png,"{""Cant. Dormitorios:"":""3"",""Long. Frente:"":""10 m"",""Long. Fondo:"":""30 m"",""Estado:"":""Muy Bueno"",""Tipo de Techo:"":""Chapa"",""Tipo de Piso:"":""Ceramicos y Baldosas"",""Cant. Cocheras:"":""2"",""Orientación:"":""S"",""Tipo de Unidad:"":""Casa"",""Tipo de operación:"":""Venta"",""Precio:"":""USD 50.000""}",Comedor|Lavadero|Living|Agua cloaca|Agua corriente|Electricidad|Permite Mascotas
65 136 y 137 al 1300,1050,ARS,Galpon,Alquiler,La Plata,Los Hornos,270,195,,75,2,0,1,,,"Alquiler de galpón para depósito, apto habilitación, medidas: 7.70 m x 25 m, con ingreso de camión cubierto, tinglado con altura de 6 m. Opción: instalación trifásica y gas natural. Alquiler $1.300.000 , contrato por 24 meses, actualización semestral. Consulte requisitos paola comesaña propiedades colegiado 7470. /",,,15 años,,no,no,no,no,no,no,no,https://www.argenprop.com/static-content/88010791/a01102c9-9556-40ca-997a-4f54fd47a818_u_large.jpg|https://www.argenprop.com/static-content/88010791/423adbac-0f54-41c5-9e69-bb747e7a9113_u_large.jpg|https://www.argenprop.com/static-content/88010791/df2c26f8-8795-4df1-9aaf-56c3690cc877_u_large.jpg|/Content/images/argenprop/argenprop-logo.webp|/content/images/data-fiscal.png|/content/images/agea.png,"{""Long. Frente:"":""8 m"",""Estado:"":""Muy Bueno"",""Cant. de oficinas:"":""1"",""Ancho de la entrada:"":""3 m"",""Tipo de operación:"":""Alquiler""}",
515 NRO 5577 167 Y 168,11000,USD,Terreno,Venta,La Plata,Sin barrio,200,12,,,2,0,1,,,"Importante lote con escritura toma valores permuta financia fraccion 60 x 38,64 total 2.317 m2 o salen 5 lotes 12 x 38, 6 igual a 463,68 ms",,,,,no,no,no,no,no,no,si,https://www.argenprop.com/static-content/90966801/62d840f9-9559-4448-ada7-2d8aeff4cad6_u_large.jpg|https://www.argenprop.com/static-content/90966801/46a81d06-6499-40e9-a99a-cb4891644348_u_large.jpg|https://www.argenprop.com/static-content/90966801/afc3faa8-4183-453e-971d-f31495e3939d_u_large.jpg|https://www.argenprop.com/static-content/90966801/08124ea6-0c1e-490e-90cd-d89335d99444_u_large.jpg|https://www.argenprop.com/static-content/90966801/423ac44d-4fd9-4910-bb9a-f04455645646_u_large.jpg|https://www.argenprop.com/static-content/90966801/513feca3-9ed8-4990-a28a-087bf7c8ccbf_u_large.jpg|/Content/images/argenprop/argenprop-logo.webp|https://www.argenprop.com/static-content/6406918/050f71eb-35f7-46b8-bbc7-adf9da763e25_u_small.jpg|https://www.argenprop.com/static-content/7406918/560c6f06-dbc1-4ca0-a72f-27dc6645ec4f_u_small.jpg|https://www.argenprop.com/static-content/9435928/e0001657-ff64-42f3-8a31-09ece2b87287_u_small.jpg|https://www.argenprop.com/static-content/78229781/f84f348b-4035-442e-a5c9-87dba88e0477_u_small.jpg|/content/images/data-fiscal.png|/content/images/agea.png,"{""Long. Frente:"":""12 m"",""Long. Fondo:"":""38,64 m"",""Medida Lineal Derecha:"":""38.64 m"",""Medida Lineal Izquierda:"":""38.64 m"",""Tipo de : Terreno"":""Terreno"",""Tipo de Pendiente:"":""Plana"",""Precio:"":""USD 11.000""}",Agua corriente|Pavimento|Agua corriente|Electricidad
"Av. Peralta Ramos y Ayacucho 600, Piso 2",45000,USD,Depto,Venta,Mar del Plata,La Perla,23,23,,,2,1,1,,$ 70.000,Departamento reciclado frente al mar retasado 32.500 dolares todo electrico,-34.60368,-58.38212,40 años,,no,no,no,no,no,si,no,https://www.argenprop.com/static-content/9727079/ef7429ed-2b6f-40d2-a652-de8516731040_u_large.jpg|https://www.argenprop.com/static-content/9727079/21c08c3c-a40f-4c03-a646-07b49553c98f_u_large.jpg|https://www.argenprop.com/static-content/9727079/8a7d0004-41fe-44a3-a30d-bde52d568580_u_large.jpg|https://www.argenprop.com/static-content/9727079/749a1915-7d33-43fc-a886-c4c9b96e8d17_u_large.jpg|https://www.argenprop.com/static-content/9727079/11929341-3ebd-47ff-ad77-a38e896fab98_u_large.jpg|https://www.argenprop.com/static-content/9727079/3d6cfbea-8b28-42ff-aab1-29ab915f0203_u_large.jpg|https://www.argenprop.com/static-content/9727079/fbe8711c-005a-437d-b16a-57af69f6493e_u_large.jpg|https://www.argenprop.com/static-content/9727079/38070a52-21c3-429b-8e19-ac82567582dd_u_large.jpg|https://www.argenprop.com/static-content/9727079/c2e1b6ab-13e3-4b17-a873-c00ea787c286_u_large.jpg|https://www.argenprop.com/static-content/9727079/d33ee7e3-4b89-49e6-9ecf-36ac464d909e_u_large.jpg|https://www.argenprop.com/static-content/9727079/8ed7db64-4d1b-42cf-9d19-a943b700932e_u_large.jpg|https://www.argenprop.com/static-content/9727079/3aa016e5-4939-4681-8e0c-42b27bd73835_u_large.jpg|https://www.argenprop.com/static-content/9727079/0c643538-5b32-4529-a747-dbb3a9ffc923_u_large.jpg|https://www.argenprop.com/static-content/9727079/44b4b1f1-a352-43b1-9abf-d56b2eb53a64_u_large.jpg|https://www.argenprop.com/static-content/9727079/bc94b79a-1bd2-410d-98a2-e6c8272a069a_u_large.jpg|https://www.argenprop.com/static-content/9727079/dc433c00-c5d2-48fa-8ce0-bbb0f7a178a2_u_large.jpg|https://www.argenprop.com/static-content/9727079/5714f4f2-7c91-4839-bf8c-6fbbd4b4d95d_u_large.jpg|https://www.argenprop.com/static-content/9727079/dead7e21-5fa2-4f12-be3c-8081447ac6ff_u_large.jpg|https://www.argenprop.com/static-content/9727079/ab2f3ac1-7ab0-4928-81ad-c910a5ab235e_u_large.jpg|https://www.argenprop.com/static-content/9727079/20342df1-0c07-47e1-855a-f9518c3b414d_u_large.jpg|https://www.argenprop.com/static-content/9727079/839dbf34-ce4e-4e92-bea9-c6b0778f123f_u_large.jpg|https://www.argenprop.com/static-content/9727079/01be3a42-6621-4801-9ece-826465a959c5_u_large.jpg|https://www.argenprop.com/static-content/9727079/6392ef08-4396-48df-b105-9a45a0eedb3a_u_large.jpg|https://www.argenprop.com/static-content/9727079/c9144eed-569c-4cb6-9c40-e20ad24ad5de_u_large.jpg|/Content/images/argenprop/argenprop-logo.webp|https://www.argenprop.com/static-content/75856181/23299adb-8663-4c5a-9e83-609503df765f_u_small.jpg|https://www.argenprop.com/static-content/33420961/74b3db48-0510-4d0d-a6bd-72dc4dff6b9b_u_small.jpg|https://www.argenprop.com/static-content/96680091/390dffa8-3c5f-47ed-b181-d7f01373499f_u_small.jpg|https://www.argenprop.com/static-content/43139471/324d9ff3-2884-41d6-a3c6-5d61334eb8f6_u_small.jpg|/content/images/data-fiscal.png|/content/images/agea.png,"{""Cant. Dormitorios:"":""1"",""Estado:"":""Muy Bueno"",""Disposición:"":""Frente"",""Orientación:"":""S"",""Tipo de Balcón:"":""Frances"",""Tipo de Costa:"":""Costa mar"",""Tipo de Vista:"":""Vista mar"",""Tipo de Piso:"":""Ceramicos"",""Tipo de Unidad:"":""Departamento"",""Tipo de operación:"":""Venta"",""Precio:"":""USD 45.000"",""Cant. Pisos:"":""2"",""Deptos. por Piso:"":""8"",""Tipo Edificio:"":""Esquina"",""Tipo Frente:"":""Cemento"",""Estado Edificio:"":""Bueno"",""Long. Frente:"":""20 m2"",""Long. Fondo:"":""20 m2"",""Sup. Playa:"":""20 m2""}",Cocina|Comedor|Palier|Agua caliente|Agua corriente|Cable|Electricidad|Termotanque|Permite Mascotas|Agua corriente|Cocina|Electricidad|Termotanque
"CALLE 68 147 Y 148 NRO 2600 2600, Piso 0",44000,USD,PH,Venta,La Plata,Los Hornos,135,55,,80,4,2,1,1,,Retasada toma permuta antes 55.000 ahora retasada marzo 2024 retasada 37.000 dolares permuta menor valor,-34.965492,-57.9739,10 años,,si,no,si,no,no,si,si,https://www.argenprop.com/static-content/98866801/6dd37c03-adfa-4975-b0bc-07d568e57c23_u_large.jpg|https://www.argenprop.com/static-content/98866801/9a1505d5-8f0c-4950-9601-61635755fbe6_u_large.jpg|https://www.argenprop.com/static-content/98866801/d755888a-95c0-412d-9b71-8710dddd3e88_u_large.jpg|https://www.argenprop.com/static-content/98866801/815e6630-439e-49e7-8f6e-0a327c0fe4f7_u_large.jpg|https://www.argenprop.com/static-content/98866801/b4a6290e-1d19-43aa-9ca6-43e7a412426a_u_large.jpg|https://www.argenprop.com/static-content/98866801/d54c311c-1156-4758-917b-cd4faeb965a5_u_large.jpg|/Content/images/argenprop/argenprop-logo.webp|https://www.argenprop.com/static-content/09186581/814e24b4-3a89-4079-9a1e-0d5e780cf748_u_small.jpg|https://www.argenprop.com/static-content/09751191/2158d838-09c1-4fba-b28b-c5ecc1160bbf_u_small.jpg|https://www.argenprop.com/static-content/10714491/e6e6ee11-f691-42dd-a6bb-7eb3469e7ea9_u_small.jpg|https://www.argenprop.com/static-content/48646571/3c8f57b9-f252-4182-ac73-d0ddf71da2de_u_small.jpg|/content/images/data-fiscal.png|/content/images/agea.png,"{""Cant. Dormitorios:"":""2"",""Estado:"":""Muy Bueno"",""Long. Frente:"":""7 m"",""Long. Fondo:"":""20 m"",""Tipo de Piso:"":""Ceramicos"",""Tipo de Techo:"":""Losa"",""Cant. Cocheras:"":""2"",""Disposición:"":""Frente"",""Orientación:"":""S"",""Tipo de operación:"":""Venta"",""Precio:"":""USD 44.000""}",Baño|Cocina|Cocina comedor|Comedor|Dependencia|Dependencia de servicio|Fondo libre|Living|Patio|Agua cloaca|Agua corriente|Aire acondicionado individual|Aire caliente|Artefactos de cocina|Cable|Calefon|Gas envasado|Gas natural|Muebles de cocina|Termotanque|Agua corriente|Electricidad|Gas natural|Internet|Permite Mascotas
ZONA 140/67 1700,28000,USD,Casa,Venta,La Plata,Los Hornos,300,130,300,170,5,4,2,,,2 casa sobre lote 10 x 30 casa al frente 2 dor baño cocicna comedor entrada para 2 autos techados casa contrafrente entrada deauto para 2 autos 2 o 3 dor living comedor cocina patio se venden juntas o separadas. Se toman valores o permuta menor,-34.920494,-57.953568,30 años,,si,no,no,no,no,si,si,https://www.argenprop.com/static-content/23303511/eebd8cbf-dded-4eec-a967-37cc1b9fb2f2_u_large.jpg|https://www.argenprop.com/static-content/23303511/98bf4c8d-f57b-4d53-8415-f009d0f60f51_u_large.jpg|https://www.argenprop.com/static-content/23303511/a1431f3c-d011-465d-9164-12a460442fbc_u_large.jpg|https://www.argenprop.com/static-content/23303511/c7499581-a7a6-4ccd-a615-7c046b0216a8_u_large.jpg|https://www.argenprop.com/static-content/23303511/5bdb4c9e-0aae-46db-a67e-ff4b5286a7e3_u_large.jpg|https://www.argenprop.com/static-content/23303511/22b9b94f-8dbc-44fc-ac2a-d1bdb5af6553_u_large.jpg|https://www.argenprop.com/static-content/23303511/9a4beafe-a714-4789-9480-43b24da44325_u_large.jpg|https://www.argenprop.com/static-content/23303511/13d00dcc-0cff-4294-bb5e-8259ebf1d5fb_u_large.jpg|https://www.argenprop.com/static-content/23303511/ef186872-addb-4de8-a6a3-5c85b2f5c69c_u_large.jpg|/Content/images/argenprop/argenprop-logo.webp|https://www.argenprop.com/static-content/41975981/386d39be-4621-4390-b4a9-654522b85c3c_u_small.jpg|https://www.argenprop.com/static-content/37580781/785bc760-adc0-4c1b-87e3-506cec81708a_u_small.jpg|https://www.argenprop.com/static-content/12828311/99637a9b-0d9f-41b9-badb-a19dbb7c98dd_u_small.jpg|https://www.argenprop.com/static-content/66588281/fa7a88e3-c45d-4cf1-96cc-7124c82b70bf_u_small.jpg|/content/images/data-fiscal.png|/content/images/agea.png,"{""Cant. Dormitorios:"":""4"",""Long. Frente:"":""10 m"",""Long. Fondo:"":""30 m"",""Estado:"":""Excelente"",""Tipo de Techo:"":""Chapa"",""Tipo de Piso:"":""Ceramicos"",""Cant. Cocheras:"":""5"",""Orientación:"":""S"",""Tipo de Unidad:"":""Casa"",""Tipo de operación:"":""Venta"",""Precio:"":""USD 28.000""}",Comedor|Escritorio|Lavadero|Living|Patio|Agua cloaca|Agua corriente|Calefon|Electricidad|Gas natural|Muebles de cocina|Pavimento|Termotanque|Agua corriente|Electricidad|Gas natural|Permite Mascotas
"BOLIVAR 2900, Piso 9",94000,USD,Depto,Venta,Mar del Plata,Centro,52,52,,,3,2,1,,$ 15.000,"Excelente departamento reciclado , todo a nuevo y amueblado decorado con cortinas muebles y luces . Se entrega a estrenar con cocina heladera lavarropa automático calefon muebles alto y bajo mesada de cocina, se toma permuta menor o mayor valor valor",-37.99975,-57.55467,1 años,,no,si,no,no,no,si,si,https://www.argenprop.com/static-content/11022021/e40d878b-8f28-4469-9ae9-df271dfea2fe_u_large.jpg|https://www.argenprop.com/static-content/11022021/fcba4062-a53a-4e5d-aeaa-fefb83364682_u_large.jpg|https://www.argenprop.com/static-content/11022021/3c6d4731-d927-4889-8fa3-73d9d7de62c8_u_large.jpg|https://www.argenprop.com/static-content/11022021/f3481420-db57-4bf9-8e27-6f0bfc9f9afa_u_large.jpg|https://www.argenprop.com/static-content/11022021/fd514a6f-19a4-4d71-bcc3-72d196cb7d79_u_large.jpg|https://www.argenprop.com/static-content/11022021/a5123e92-cdb9-4ccd-a27e-36186bd26f4e_u_large.jpg|https://www.argenprop.com/static-content/11022021/d92559a6-c7b7-4525-b3a1-02d00a372233_u_large.jpg|https://www.argenprop.com/static-content/11022021/6577bb64-2289-453e-a4fb-a62e946c2ee9_u_large.jpg|https://www.argenprop.com/static-content/11022021/a82ad1e3-2a6a-4c04-8dd0-e2a7229e99d7_u_large.jpg|/Content/images/argenprop/argenprop-logo.webp|https://www.argenprop.com/static-content/73562301/b6eb3235-5529-446b-9f00-89987273fe6b_u_small.jpg|https://www.argenprop.com/static-content/91398521/c09f1384-cf80-4ae2-8642-78856dc690d6_u_small.jpg|https://www.argenprop.com/static-content/77642771/968bf917-59b4-4f4c-b5f5-8d22558e0b44_u_small.jpg|https://www.argenprop.com/static-content/45542081/c1532f32-e1fd-44bc-960e-10c70177082e_u_small.jpg|/content/images/data-fiscal.png|/content/images/agea.png,"{""Cant. Dormitorios:"":""2"",""Estado:"":""Excelente"",""Disposición:"":""Frente"",""Orientación:"":""S"",""Tipo de Balcón:"":""Terraza"",""Tipo de Costa:"":""Costa mar"",""Tipo de Vista:"":""Vista ciudad"",""Tipo de Unidad:"":""Departamento"",""Tipo de operación:"":""Venta"",""Precio:"":""USD 94.000"",""Cant. Pisos:"":""14"",""Deptos. por Piso:"":""4"",""Tipo Edificio:"":""Entre Medianeras"",""Tipo Frente:"":""Otro"",""Estado Edificio:"":""Muy Bueno"",""Long. Frente:"":""10 m2"",""Long. Fondo:"":""25 m2""}",Cocina|Hall|Living|Palier|Agua caliente|Agua corriente|Amoblado|Ascensor|Cable|Caldera individual|Electricidad|Gas natural|Muebles de cocina|Pavimento|Agua corriente|Electricidad|Gas natural|Internet|Agua corriente|Electricidad|Gas natural
"150 45 Y 46 1200, Piso 0",95000,USD,Casa,Venta,La Plata,Los Hornos,550,150,500,400,4,2,1,2,,Casa terminar 2 plantas toma valores retasada noviembre 2.021,-34.95252,-57.99792,15 años,,si,si,si,no,no,si,si,https://www.argenprop.com/content/images/facebook-image.jpg|/Content/images/argenprop/argenprop-logo.webp|https://www.argenprop.com/static-content/52764651/f2577978-80c0-4eae-a3b2-7e6f74626f53_u_small.jpg|https://www.argenprop.com/static-content/81730061/311ad35d-71ed-4679-952e-d253f779ecc2_u_small.jpg|https://www.argenprop.com/static-content/55715061/a2eb4891-0cf3-438d-9ad2-21b61e8affe8_u_small.jpg|https://www.argenprop.com/static-content/20302161/10565bbb-30e6-455e-9297-6ce9ad4e69b1_u_small.jpg|/content/images/data-fiscal.png|/content/images/agea.png,"{""Cant. Dormitorios:"":""2"",""Long. Frente:"":""10 m"",""Long. Fondo:"":""50 m"",""Estado:"":""A Refaccionar"",""Tipo de Techo:"":""Teja francesa"",""Tipo de Piso:"":""Baldosa"",""Cant. Cocheras:"":""5"",""Orientación:"":""S"",""Tipo de Unidad:"":""Chalet"",""Tipo de operación:"":""Venta"",""Precio:"":""USD 95.000""}",Altillo|Cocina|Baño|Galería|Lavadero|Agua cloaca|Agua corriente|Agua corriente|Electricidad|Gas natural|Permite Mascotas
ZONA 137 Y 66 LOTE 10 X 40 1500,125000,USD,Casa,Venta,La Plata,Sin barrio,400,200,400,200,7,4,2,1,,Excelente propiedad detalles de categoria lote 10 x 40 permuta por propiedad en mar del plata o casa o departamneto menor valor en la plata zona parque san martin alrededores. Permuta tambien casa o departamento mar del plata,,,25 años,,si,no,si,si,si,si,si,https://www.argenprop.com/static-content/89436911/62076f66-ce48-4e45-ac0f-cf54223b3adb_u_large.jpg|https://www.argenprop.com/static-content/89436911/3bc6869c-c751-46db-a5cc-7380ee189225_u_large.jpg|https://www.argenprop.com/static-content/89436911/d0ed5586-2c74-4c45-891b-32b80b09a546_u_large.jpg|https://www.argenprop.com/static-content/89436911/6d6b2f82-fbf6-4868-bd1a-c165e93c397f_u_large.jpg|https://www.argenprop.com/static-content/89436911/89c8b37b-6e72-499e-919f-ca7f56137565_u_large.jpg|https://www.argenprop.com/static-content/89436911/e8078458-38b1-429a-a1d2-9cb01e391f09_u_large.jpg|https://www.argenprop.com/static-content/89436911/57fb219a-05e6-421b-a0b3-7743001cdea6_u_large.jpg|https://www.argenprop.com/static-content/89436911/0d2eeb23-d8e3-421e-bc18-e2efbeaa5eff_u_large.jpg|https://www.argenprop.com/static-content/89436911/2a258541-7f59-4817-a015-0886f4646c89_u_large.jpg|https://www.argenprop.com/static-content/89436911/58dda594-6da2-4108-b544-55a24352d3c4_u_large.jpg|https://www.argenprop.com/static-content/89436911/e9dd7b77-b8ef-43d0-bb85-f9fa26683e1c_u_large.jpg|https://www.argenprop.com/static-content/89436911/8ca9c573-c925-474d-8feb-5eb4dfc55a00_u_large.jpg|https://www.argenprop.com/static-content/89436911/ea560dc8-4c0f-41d7-97bc-45aa3a19bbe3_u_large.jpg|https://www.argenprop.com/static-content/89436911/73c99e68-48e7-4c6e-924d-479c23d0d43d_u_large.jpg|https://www.argenprop.com/static-content/89436911/97c212bb-2c51-4cac-b05c-bb48df6f1c19_u_large.jpg|https://www.argenprop.com/static-content/89436911/fa518370-2e01-4437-b5fd-c1a3a19f8f9a_u_large.jpg|https://www.argenprop.com/static-content/89436911/23dc4563-e8b2-4758-89f4-63125ef3e698_u_large.jpg|https://www.argenprop.com/static-content/89436911/eaabdd02-613e-4304-9bc7-1987b7ce4dc0_u_large.jpg|https://www.argenprop.com/static-content/89436911/f5da47b6-a5a9-4ae1-99e4-9cd3f8faedb8_u_large.jpg|https://www.argenprop.com/static-content/89436911/41fa4191-5a72-42fc-8a1d-9ac78e81b1f6_u_large.jpg|https://www.argenprop.com/static-content/89436911/aa2927b3-b62f-49be-bbd6-ae0e2f981c2e_u_large.jpg|https://www.argenprop.com/static-content/89436911/5afb1e99-7a08-4bde-b7ef-2c050560fac3_u_large.jpg|https://www.argenprop.com/static-content/89436911/4edd1c96-7e89-4e6a-889c-0a3f293bc4cd_u_large.jpg|/Content/images/argenprop/argenprop-logo.webp|https://www.argenprop.com/static-content/78149251/2956a51f-3c03-465c-b276-8d9ead3a86e1_u_small.jpg|https://www.argenprop.com/static-content/27815451/9ec5c959-b91a-4fd4-80cc-397c76356c14_u_small.jpg|https://www.argenprop.com/static-content/55377451/1212f592-d8a2-453a-b859-f176076ce447_u_small.jpg|https://www.argenprop.com/static-content/71877551/457d2998-8aa1-4b58-92f4-be495bdf768c_u_small.jpg|/content/images/data-fiscal.png|/content/images/agea.png,"{""Cant. Dormitorios:"":""4"",""Long. Frente:"":""10 m"",""Long. Fondo:"":""40 m"",""Estado:"":""Excelente"",""Tipo de Techo:"":""Chapa"",""Tipo de Piso:"":""Flotante y ceramicos"",""Cant. Cocheras:"":""2"",""Orientación:"":""S"",""Tipo de Unidad:"":""Casa"",""Tipo de operación:"":""Venta"",""Precio:"":""USD 125.000""}",Dependencia|Altillo|Comedor|Cuarto de herramientas|Dependencia|Dependencia de servicio|Dormitorio|Escritorio|Galería|Fondo libre|Lavadero|Living|Oficina|Vestuario|Agua cloaca|Agua corriente|Aire acondicionado individual|Aire caliente|Amoblado|Artefactos de cocina|Cable|Calefacción|Calefacción tiro balanceado|Electricidad|Espacio para vehículo|Gas natural|Hidromasaje|Hogar a leña|Muebles de cocina|Pavimento|Termotanque|Agua corriente|Calefacción|Electricidad|Internet|Limpieza
DUPLEX 156 Y 66,45000,USD,Casa,Venta,La Plata,Los Hornos,100,65,80,35,3,2,1,1,,Duplex zona 156 y 66 micro 307 y 506 esquina permuta dto centro la plata alrededores contado u$s 45.000 financia 30.000 y cuotas,,,5 años,,si,no,no,no,no,si,si,https://www.argenprop.com/static-content/46485401/71938d24-5e99-4c63-8c17-35561de796c0_u_large.jpg|https://www.argenprop.com/static-content/46485401/228f0cb7-339a-4f92-baff-a9ec6c20a021_u_large.jpg|https://www.argenprop.com/static-content/46485401/335a942c-cbf6-4a16-b418-e1e373e15163_u_large.jpg|https://www.argenprop.com/static-content/46485401/7768af06-f1fb-4f2d-a222-b4eea4b65f15_u_large.jpg|https://www.argenprop.com/static-content/46485401/3e9272f9-e1db-43b2-bacb-f80a1a27175f_u_large.jpg|https://www.argenprop.com/static-content/46485401/6f9005a2-aee8-43f0-a454-24f0d4e720e0_u_large.jpg|https://www.argenprop.com/static-content/46485401/282bb05e-2a3a-4aa8-816e-94a6e6fbe060_u_large.jpg|https://www.argenprop.com/static-content/46485401/fd30d7be-13d5-4e29-83af-878eb2f5ddc0_u_large.jpg|https://www.argenprop.com/static-content/46485401/2b2dd182-16b4-44b1-83d8-e057c734ba92_u_large.jpg|https://www.argenprop.com/static-content/46485401/b1afb204-fb9c-49d0-84b6-8e5ad8eae7fb_u_large.jpg|https://www.argenprop.com/static-content/46485401/db4118de-4c9e-4c38-ae5e-6c053293b7b7_u_large.jpg|https://www.argenprop.com/static-content/46485401/01ee52b5-e78c-4d6d-a240-aac86c2cfd94_u_large.jpg|https://www.argenprop.com/static-content/46485401/b3428203-2491-4f2b-a106-cc3dcc4fd6c2_u_large.jpg|https://www.argenprop.com/static-content/46485401/4ca707a4-1b09-4485-8ca4-65c1e72a8e23_u_large.jpg|https://www.argenprop.com/static-content/46485401/ae31f42d-94ec-47aa-a0ca-347accbc03a8_u_large.jpg|https://www.argenprop.com/static-content/46485401/d71418bd-3b94-407a-a06b-82f1d9b1130f_u_large.jpg|/Content/images/argenprop/argenprop-logo.webp|https://www.argenprop.com/static-content/26684611/2f40979e-d42e-4035-a45d-307a3e4bada7_u_small.jpg|https://www.argenprop.com/static-content/29825181/15baa1b9-9fb6-47cf-b788-37d13d1c8ba1_u_small.jpg|https://www.argenprop.com/static-content/16982281/342e4821-834b-4b3f-9527-2ccef64564c4_u_small.jpg|https://www.argenprop.com/static-content/58140881/5d46dd55-9b0f-4abb-bead-8770eeaa11cf_u_small.jpg|/content/images/data-fiscal.png|/content/images/agea.png,"{""Cant. Dormitorios:"":""2"",""Long. Frente:"":""5 m"",""Long. Fondo:"":""20 m"",""Estado:"":""Excelente"",""Tipo de Techo:"":""Chapa"",""Tipo de Piso:"":""Ceramicos"",""Cant. Cocheras:"":""2"",""Orientación:"":""S"",""Tipo de Unidad:"":""Duplex"",""Tipo de operación:"":""Venta"",""Precio:"":""USD 45.000""}",Baño|Dormitorio|Living|Patio|Agua cloaca|Agua corriente|Electricidad|Gas natural|Termotanque|Agua corriente|Electricidad|Gas natural|Permite Mascotas
Zona 16 y 72 meridiano 5to 2000,125000,USD,Casa,Venta,La Plata,Villa Elvira,600,210,500,390,2,0,2,2,,"Casa 2 plantas amplias dependencias, toma permuta 2 propiedades",-34.939926,-57.936405,20 años,,si,si,no,si,no,si,si,https://www.argenprop.com/static-content/25996861/b998940d-cbd7-4858-a1ee-b9a16cbcbc3b_u_large.jpg|https://www.argenprop.com/static-content/25996861/3990337b-27f9-49c6-aed7-e3275108db62_u_large.jpg|https://www.argenprop.com/static-content/25996861/f9e170e9-6313-447b-b03a-1c1e926a7617_u_large.jpg|https://www.argenprop.com/static-content/25996861/b32d700c-4609-414d-af77-01f74829b202_u_large.jpg|https://www.argenprop.com/static-content/25996861/52759071-fbe3-4350-be33-642c572cdc60_u_large.jpg|https://www.argenprop.com/static-content/25996861/49a606b1-5fa8-4d1c-926f-b87517f20527_u_large.jpg|https://www.argenprop.com/static-content/25996861/5528c1be-877c-4777-957c-6eba7ea510d6_u_large.jpg|https://www.argenprop.com/static-content/25996861/936b5779-b2cf-4c33-b2cf-669530f7a274_u_large.jpg|https://www.argenprop.com/static-content/25996861/5c3484b2-f67e-4de7-bde7-1be42cec7110_u_large.jpg|https://www.argenprop.com/static-content/25996861/c1f188c5-f557-4f8d-ab4c-d86b103a7185_u_large.jpg|https://www.argenprop.com/static-content/25996861/c44c6705-9c26-429e-80ee-05ee2868ad71_u_large.jpg|https://www.argenprop.com/static-content/25996861/973fb2ae-7c05-4718-8d95-9af462ec95e2_u_large.jpg|https://www.argenprop.com/static-content/25996861/b8c57c1c-7750-4842-a28c-bc8adfa4db1d_u_large.jpg|https://www.argenprop.com/static-content/25996861/7b297776-8bdd-4d8b-8135-8ff64d38bcbe_u_large.jpg|https://www.argenprop.com/static-content/25996861/18ac0dd4-1d53-4f45-a068-f175aa1b8f8e_u_large.jpg|https://www.argenprop.com/static-content/25996861/0c5eb29b-ea88-438b-afe3-7b7126d76b4f_u_large.jpg|/Content/images/argenprop/argenprop-logo.webp|https://www.argenprop.com/static-content/3981176/f8ed746c-004c-44dd-b2c8-6abdf0457bc4_u_small.jpg|https://www.argenprop.com/static-content/78962031/910d5770-0766-47ad-bebf-a0ea3a921e0e_u_small.jpg|https://www.argenprop.com/static-content/03335591/76c8beb3-5177-49bd-ac6f-be755f27c237_u_small.jpg|https://www.argenprop.com/static-content/08411291/71e97817-d179-4a15-ba8f-01c08b332c27_u_small.jpg|/content/images/data-fiscal.png|/content/images/agea.png,"{""Long. Frente:"":""10 m"",""Long. Fondo:"":""50 m"",""Estado:"":""Muy Bueno"",""Tipo de Techo:"":""Chapa"",""Tipo de Piso:"":""Flotante y ceramicos"",""Cant. Cocheras:"":""6"",""Orientación:"":""S"",""Tipo de Unidad:"":""Casa"",""Tipo de operación:"":""Venta"",""Precio:"":""USD 125.000""}",Baulera|Comedor diario|Dependencia de servicio|Escritorio|Galpón|Fondo libre|Lavadero|Living|Playroom|Agua cloaca|Agua corriente|Aire caliente|Amoblado|Artefactos de cocina|Desayunador|Electricidad|Gas natural|Pavimento|Termotanque|Agua corriente|Calefacción|Electricidad|Gas natural|Permite Mascotas
AVENIDA 137 73 Y 74 PERMUTA,79000,USD,Terreno,Venta,La Plata,Los Hornos,300,10,,,2,0,1,,,"Lote sobre avenida 137 entre 73 y 74 con galpón de 300 mts cubiertos retasado antes 150.000 dolares retasado noviembre 2.021, 105.000 dolares tomo valores",,,,,no,no,no,no,no,no,no,https://www.argenprop.com/content/images/facebook-image.jpg|/Content/images/argenprop/argenprop-logo.webp|https://www.argenprop.com/static-content/56229781/d4321fc9-71df-4f15-bda0-4e3f3a3b6d55_u_small.jpg|https://www.argenprop.com/static-content/44981871/f6c25d93-4a77-4674-bb33-4f4742c037c1_u_small.jpg|https://www.argenprop.com/static-content/11649281/2d7cb012-2b06-4fdf-8164-37788912cf36_u_small.jpg|https://www.argenprop.com/static-content/71883981/6d2d7b90-8300-4797-9b43-019af8209909_u_small.jpg|/content/images/data-fiscal.png|/content/images/agea.png,"{""Long. Frente:"":""10 m"",""Long. Fondo:"":""30 m"",""Medida Lineal Derecha:"":""30.00 m"",""Medida Lineal Izquierda:"":""30.00 m"",""Tipo de : Terreno"":""Terreno"",""Tipo de Pendiente:"":""Plana"",""Precio:"":""USD 79.000"",""Sup. Construible:"":""300 m2""}",Agua corriente|Electricidad|Vivienda
AVDA zona 161 Y 32 4/calles 500,240000,USD,Campo,Venta,La Plata,Melchor Romero,250,250,,,2,0,1,,,Importante fraccion ideal loteo o varios destinos toma valores - permuta menor financia consultas todo arbolado alambrado ocupado. Visitas fraccion sobre 4 calles,-34.879395,-58.010548,,,si,no,no,no,no,no,si,https://www.argenprop.com/static-content/37265901/c1c5a23d-f7d3-4518-a8a1-588d9475bd61_u_large.jpg|https://www.argenprop.com/static-content/37265901/628ff230-5418-4e41-83b7-e6dcad8b3b9c_u_large.jpg|/Content/images/argenprop/argenprop-logo.webp|/content/images/data-fiscal.png|/content/images/agea.png,"{""Tipo de Campo:"":""Agricola"",""Estado:"":""Regular"",""Distancia al pavimento:"":""200 m"",""Cant. Hectáreas:"":""2 ha"",""Tipo de operación:"":""Venta""}",Casa Principal|Casa de Caseros|Propiedad ocupada|Alambrado perimetral|Agua corriente|Agua pozo|Alambrados|Arboleda|Electricidad|Vivienda|Electricidad|Gas envasado|Rentas
30 entre 38 y 39 400,45000,USD,Depto,Venta,La Plata,Sin barrio,49,49,,,3,2,1,,,Departamento a la calle primer piso por escalera toma permuta menor valor lote auto,-34.92758,-57.984947,30 años,,no,no,no,no,no,si,si,https://www.argenprop.com/content/images/facebook-image.jpg|/Content/images/argenprop/argenprop-logo.webp|https://www.argenprop.com/static-content/8409398/4900c8fb-40c4-4c72-bee2-dbaa9e90c12e_u_small.jpg|https://www.argenprop.com/static-content/2545118/65bbbd2f-8c79-4f8d-a865-ed36810de0bc_u_small.jpg|https://www.argenprop.com/static-content/0601318/adb37844-d72a-4468-b388-3528858bde0a_u_small.jpg|https://www.argenprop.com/static-content/6213318/916b11fe-78ea-49ce-ae2d-deb0cb9b88db_u_small.jpg|/content/images/data-fiscal.png|/content/images/agea.png,"{""Cant. Dormitorios:"":""2"",""Estado:"":""Bueno"",""Disposición:"":""Frente"",""Orientación:"":""S"",""Tipo de Vista:"":""Vista ciudad"",""Tipo de Unidad:"":""Departamento"",""Tipo de operación:"":""Venta"",""Precio:"":""USD 45.000"",""Cant. Pisos:"":""1"",""Deptos. por Piso:"":""2"",""Tipo Edificio:"":""Torre"",""Tipo Frente:"":""Cemento"",""Estado Edificio:"":""Bueno"",""Long. Frente:"":""15 m2"",""Long. Fondo:"":""30 m2""}",Comedor diario|Living|Agua caliente|Agua corriente|Cable|Calefon|Electricidad|Gas natural|Agua corriente|Electricidad|Internet|Permite Mascotas|Agua corriente|Cocina|Electricidad|Gas natural|Termotanque
"Calle 61 entre 9 y 10 700, Piso pb",51500,USD,Depto,Venta,La Plata,Centro,80,60,,20,4,2,1,,,Venta departamento 61 entre 9 y 10 planta baja contra frente luminoso 2/dor baño living - estar comedor - 2 patios 61mts patios 20 mts cubiertos valor dolares 65.000 toma permuta menor valor. Retasado mayo 2022. Zona distintas facultades zona bellas artes a mts plaza moreno la catedral centro comercial calle 12 y calle 8 todo desarrollado en planta baja sin expensas,-34.92325,-57.942024,30 años,,no,no,si,no,no,si,si,https://www.argenprop.com/static-content/97904901/254881c5-b6c0-43b9-824d-e5023032026b_u_large.jpg|https://www.argenprop.com/static-content/97904901/d2ca9fc4-7e87-4611-a70a-6c3539565613_u_large.jpg|https://www.argenprop.com/static-content/97904901/35875c7c-98db-4e70-a546-6d4cf2c7edb3_u_large.jpg|https://www.argenprop.com/static-content/97904901/5efba6dc-d613-47f3-8ae5-27aca90e4be4_u_large.jpg|https://www.argenprop.com/static-content/97904901/539d21cd-fd00-43e1-8ead-da11236835b6_u_large.jpg|https://www.argenprop.com/static-content/97904901/c4089ac6-7cdb-46f9-ac41-5eaec060854f_u_large.jpg|https://www.argenprop.com/static-content/97904901/f41a54b5-49bc-4d3c-ba6d-b7d09712d567_u_large.jpg|https://www.argenprop.com/static-content/97904901/08cc75e5-9f9c-4379-bcc9-49ed6ddaa972_u_large.jpg|https://www.argenprop.com/static-content/97904901/17b2713f-0a17-40f1-b1b8-05d51ac15669_u_large.jpg|https://www.argenprop.com/static-content/97904901/c024b018-188b-4051-9515-2cca9111d226_u_large.jpg|/Content/images/argenprop/argenprop-logo.webp|/content/images/data-fiscal.png|/content/images/agea.png,"{""Cant. Dormitorios:"":""2"",""Estado:"":""Bueno"",""Disposición:"":""Contrafrente"",""Orientación:"":""S"",""Tipo de Piso:"":""Ceramicos y Baldosas"",""Tipo de Unidad:"":""Departamento"",""Tipo de operación:"":""Venta"",""Precio:"":""USD 51.500"",""Deptos. por Piso:"":""4"",""Tipo Edificio:"":""Bajo"",""Tipo Frente:"":""Cemento"",""Estado Edificio:"":""Bueno"",""Long. Frente:"":""10 m2"",""Long. Fondo:"":""40 m2""}",Propiedad ocupada|Cocina|Comedor|Comedor diario|Living|Patio|Agua caliente|Agua corriente|Aire acondicionado individual|Electricidad|Gas natural|Muebles de cocina|Pavimento|Agua corriente|Calefacción|Electricidad|Gas natural|Internet|Agua corriente|Cocina|Electricidad|Gas natural|Termotanque
81 24 y 25 1500,18500,USD,Terreno,Venta,La Plata,Villa Elvira,544,10,,,2,0,1,,,,,,,,no,no,no,no,no,no,no,https://www.argenprop.com/static-content/5365409/c0cc6a53-1fff-4d19-9916-a73860a80e9e_u_large.jpg|https://www.argenprop.com/static-content/5365409/1131a698-6bfa-433f-85e7-bda3a8deae35_u_large.jpg|https://www.argenprop.com/static-content/5365409/0a5fefce-730e-4f31-83a8-fe5868b9c10c_u_large.jpg|https://www.argenprop.com/static-content/5365409/3747a0f9-0ba8-4a30-bf5d-f33dbde3a1b2_u_large.jpg|https://www.argenprop.com/static-content/5365409/4c1fe817-5057-43bb-8c8a-ee50adc11a1f_u_large.jpg|/Content/images/argenprop/argenprop-logo.webp|https://www.argenprop.com/static-content/20687381/245effed-92ed-4365-a2c3-5fbe26f386b9_u_small.jpg|https://www.argenprop.com/static-content/35856011/9618426d-a88e-4997-9a07-e991b0abfa33_u_small.jpg|https://www.argenprop.com/static-content/65856011/fa17cf82-ea53-4242-8d22-9b89035ffa7a_u_small.jpg|https://www.argenprop.com/static-content/5055698/76a279c1-f1d1-4b2a-9b33-b7323810ad0f_u_small.jpg|/content/images/data-fiscal.png|/content/images/agea.png,"{""Long. Frente:"":""10 m"",""Long. Fondo:"":""54 m"",""Medida Lineal Derecha:"":""54.40 m"",""Medida Lineal Izquierda:"":""54.40 m"",""Tipo de : Terreno"":""Terreno"",""Tipo de Pendiente:"":""Plana"",""Precio:"":""USD 18.500"",""Sup. Construible:"":""544 m2""}",Agua cloaca|Electricidad|Agua corriente|Electricidad|Gas natural|Teléfono
ZONA 48 305 Y 306 EL RODEO,140000,USD,Quinta,Venta,La Plata,Estacion Gomez,1,160,1,840,4,3,2,2,,Excelente casa de 2 plantas 6 años de antiguedad. Hoy es utilizada como vivienda permanente. Tomo permuta en la plata se escuchan propuestas de permutas,,,6 años,,no,si,si,no,si,si,si,https://www.argenprop.com/static-content/30238911/b84892a4-2044-4a82-8552-e2418e11be8f_u_large.jpg|https://www.argenprop.com/static-content/30238911/5b4f1e1f-8ed7-4f06-9e05-625522f2ab8b_u_large.jpg|https://www.argenprop.com/static-content/30238911/a022e34b-da92-4f50-884c-c31d910fbd1b_u_large.jpg|https://www.argenprop.com/static-content/30238911/8447b971-acbe-4b0a-9234-31aa6b5624aa_u_large.jpg|https://www.argenprop.com/static-content/30238911/a7a1976a-83c5-432e-84eb-099f053e4eae_u_large.jpg|https://www.argenprop.com/static-content/30238911/dc8d4598-3c0f-4faa-896e-31f04d21f13b_u_large.jpg|https://www.argenprop.com/static-content/30238911/e41391b8-70e0-4c54-b3b3-be58dca129fc_u_large.jpg|https://www.argenprop.com/static-content/30238911/0d64fe2f-47fa-4e63-b038-692937505aa1_u_large.jpg|https://www.argenprop.com/static-content/30238911/99164bb2-42bb-49ab-81f2-6ae8c08306ca_u_large.jpg|https://www.argenprop.com/static-content/30238911/a63bfdcb-3a83-4527-b04e-4ce9cd33a144_u_large.jpg|https://www.argenprop.com/static-content/30238911/fbbfd787-557d-48d9-b818-c1513f8a224e_u_large.jpg|https://www.argenprop.com/static-content/30238911/27d8387c-b141-404b-ae32-f7c14ddf5fcd_u_large.jpg|https://www.argenprop.com/static-content/30238911/2364e350-8bcc-4a53-b3d8-057f6e2ecb9a_u_large.jpg|https://www.argenprop.com/static-content/30238911/741e6067-4058-4995-9531-a16df44dad96_u_large.jpg|https://www.argenprop.com/static-content/30238911/212fd98a-d55d-41d2-b14e-9e3ad38dffb9_u_large.jpg|https://www.argenprop.com/static-content/30238911/9c52873d-2736-4be5-ad42-97fc36bfa3cc_u_large.jpg|https://www.argenprop.com/static-content/30238911/a21aab37-0f73-43f8-8e1d-d9917cbe5122_u_large.jpg|https://www.argenprop.com/static-content/30238911/4f9bde3c-c6e1-4839-aed6-9e64abbbaded_u_large.jpg|https://www.argenprop.com/static-content/30238911/78c27d47-0ba5-4963-ac7b-b70d54ceb2dd_u_large.jpg|https://www.argenprop.com/static-content/30238911/b9c36f61-1114-4df0-a8ce-4af7748b4d95_u_large.jpg|https://www.argenprop.com/static-content/30238911/6868459f-6e31-41c1-aaea-abffca8d334c_u_large.jpg|https://www.argenprop.com/static-content/30238911/776186d3-4bd2-4016-b957-2ce7de513b15_u_large.jpg|https://www.argenprop.com/static-content/30238911/e2895ba5-0177-4f71-8c44-6847bd9b741f_u_large.jpg|https://www.argenprop.com/static-content/30238911/df56020d-e9e9-465c-846f-65520447bc75_u_large.jpg|https://www.argenprop.com/static-content/30238911/2092e292-6cbf-48a8-9902-51d1a27e7186_u_large.jpg|https://www.argenprop.com/static-content/30238911/08db618d-bfd8-4ced-a9e2-1a5afcd98fbc_u_large.jpg|https://www.argenprop.com/static-content/30238911/15cc7d16-dfcd-4ba0-ae61-955941b5ff92_u_large.jpg|https://www.argenprop.com/static-content/30238911/5e5c7709-ca50-4136-8360-cbce622e2df8_u_large.jpg|/Content/images/argenprop/argenprop-logo.webp|/content/images/data-fiscal.png|/content/images/agea.png,"{""Cant. Dormitorios:"":""3"",""Long. Frente:"":""20 m"",""Long. Fondo:"":""50 m"",""Estado:"":""Excelente"",""Tipo de Techo:"":""Chapa"",""Tipo de Piso:"":""Flotante y ceramicos"",""Cant. Cocheras:"":""10"",""Orientación:"":""S"",""Tipo de Unidad:"":""CasaQuinta"",""Precio:"":""USD 140.000""}",Baño|Cocina comedor|Comedor|Comedor diario|Lavadero|Living|Terraza|Fondo libre|Agua corriente|Artefactos de cocina|Muebles de cocina|Termotanque|Agua corriente|Calefacción|Electricidad|Gas envasado|Gas natural
696 entre 28 y 28 bis,95000,USD,Terreno,Venta,La Plata,Ignacio Correas Arana,2,95,,,2,0,1,,,Importante fracción estación correa fácil acceso . Micros 1 una cuadra escuela 1 cuadra . Ubicada en el centro de la estación correa fracción 95 de frente por calle 692 y 24. Mts en la esquina 28 bis y 24 metros esquina 28 ocupa las 3 calles se pueden dividir en 7 lotes retasado 29-8-21 antes 135.000 hoy venta 95.000 dólares,,,,,no,no,no,no,no,no,no,https://www.argenprop.com/static-content/2197109/9f983e88-9713-42f2-ae24-b3492e3ad170_u_large.jpg|https://www.argenprop.com/static-content/2197109/c021b467-c64f-4735-9a6e-70fa362ae980_u_large.jpg|https://www.argenprop.com/static-content/2197109/f15fe661-7f31-4fd7-a13e-43adc1363722_u_large.jpg|https://www.argenprop.com/static-content/2197109/6981c9e2-a44d-4bc5-8243-1aa75c803d9b_u_large.jpg|https://www.argenprop.com/static-content/2197109/ff65ecd3-71e5-4b4d-abf7-978b7b9c8e02_u_large.jpg|/Content/images/argenprop/argenprop-logo.webp|/content/images/data-fiscal.png|/content/images/agea.png,"{""Long. Frente:"":""95 m"",""Long. Fondo:"":""26 m"",""Medida Lineal Derecha:"":""24.00 m"",""Medida Lineal Izquierda:"":""24.00 m"",""Tipo de Terreno:"":""Fraccion"",""Tipo de Pendiente:"":""Plana"",""Precio:"":""USD 95.000"",""Sup. Construible:"":""2.346,05 m2""}",Luz eléctrica|Electricidad|Gas envasado
Fortunato de la plaza 4600,,USD,Fondo Comercio,Venta,Mar del Plata,Punta Mogotes,0,0,,,2,0,1,,,"Heladeria artesanal en actividad, solo se vende el fondo de comercio con las maquinarias que ven en las fotos, y los demas accesorios y muebles.",-38.0451,-57.57069,,,no,no,no,no,no,no,no,https://www.argenprop.com/static-content/02119581/a14fc125-bb4b-4d9a-8c05-0be18132f522_u_large.jpg|https://www.argenprop.com/static-content/02119581/fe2c0e1f-f78d-4d50-8cca-96c4d6dd5bd5_u_large.jpg|https://www.argenprop.com/static-content/02119581/017c8683-04f4-4780-bf3d-2a646846a13d_u_large.jpg|https://www.argenprop.com/static-content/02119581/cfc25455-12e9-4c1e-a8c7-d2753d2f74fd_u_large.jpg|https://www.argenprop.com/static-content/02119581/a60de2f9-0598-434b-9e72-1247eed89751_u_large.jpg|https://www.argenprop.com/static-content/02119581/e4df9bb4-96fa-4629-8c36-a11c2ea61fab_u_large.jpg|https://www.argenprop.com/static-content/02119581/b2149b6e-d369-4056-96bc-b3c1fb555be2_u_large.jpg|https://www.argenprop.com/static-content/02119581/fd423217-3a4c-41c1-8b6c-f06f5498d9ea_u_large.jpg|https://www.argenprop.com/static-content/02119581/b6b8bfa0-8842-4e1f-8ddc-cad30fe3658a_u_large.jpg|https://www.argenprop.com/static-content/02119581/9dbc98a3-dc3a-4a0d-bd06-64d030dd9751_u_large.jpg|https://www.argenprop.com/static-content/02119581/b8c6a2bd-d767-439d-9e25-77fde85a0be2_u_large.jpg|/Content/images/argenprop/argenprop-logo.webp|/content/images/data-fiscal.png|/content/images/agea.png,"{""Estado:"":""Excelente"",""Antigüedad del comercio:"":""30 años""}",
ZONA 12 Y 90 5500,38000,USD,Casa,Venta,La Plata,Villa Elvira,300,130,300,170,5,4,2,,,Zona 13 y 90 casa con local y dto se vende block se vende por viaje casa con local dto independiente a la calle y casa interna 25.000 dolares y cuotas,-34.948605,-57.913902,25 años,,si,no,no,no,no,si,no,https://www.argenprop.com/static-content/44303511/d85fe11d-d040-472b-a57e-f67d77c7e8c3_u_large.jpg|https://www.argenprop.com/static-content/44303511/6752544f-02d4-4388-a243-154c761300d9_u_large.jpg|https://www.argenprop.com/static-content/44303511/60b3f597-9d07-43e5-aaa7-48afa9856ff5_u_large.jpg|https://www.argenprop.com/static-content/44303511/cce13bef-a15f-433f-a406-7b6939107d9f_u_large.jpg|https://www.argenprop.com/static-content/44303511/9b2b02aa-1c92-40f6-b5ad-ba42b454c5f8_u_large.jpg|https://www.argenprop.com/static-content/44303511/00714a27-3a2e-4e3d-90a0-48b98eec255b_u_large.jpg|https://www.argenprop.com/static-content/44303511/9f77fc9e-9d95-4a6a-822e-ca72f3d9d28b_u_large.jpg|https://www.argenprop.com/static-content/44303511/30ed6a0a-41c9-4cf8-8817-b8d2b1e407e5_u_large.jpg|https://www.argenprop.com/static-content/44303511/c10d441a-648d-4c8f-8fbe-6904434833cf_u_large.jpg|https://www.argenprop.com/static-content/44303511/6149ca41-d1a6-4b01-b906-45f5489ddc7d_u_large.jpg|https://www.argenprop.com/static-content/44303511/4769bcf5-9351-439c-8b7c-1777d0fe89e4_u_large.jpg|https://www.argenprop.com/static-content/44303511/22759842-a827-4bb5-a38a-6e406bfd4d0a_u_large.jpg|https://www.argenprop.com/static-content/44303511/2f4a4515-7e32-410d-af44-fe449ebd37b8_u_large.jpg|https://www.argenprop.com/static-content/44303511/00e5b811-a1d2-4b92-9885-ead442f18f2a_u_large.jpg|https://www.argenprop.com/static-content/44303511/2b5a2460-2914-4199-bed6-12a98044f31f_u_large.jpg|https://www.argenprop.com/static-content/44303511/888216a6-fcf0-4eb0-a34e-efc423bc3151_u_large.jpg|/Content/images/argenprop/argenprop-logo.webp|https://www.argenprop.com/static-content/69667081/40d9a6b3-784d-4ecc-aeef-5559fc19586d_u_small.jpg|https://www.argenprop.com/static-content/19289081/a79c27ea-7267-4cc8-b8a8-c86b646c6c68_u_small.jpg|https://www.argenprop.com/static-content/00001281/c01b6fe4-75f6-4665-8449-7c1f9683025a_u_small.jpg|https://www.argenprop.com/static-content/43752961/163e62b0-eb61-49b2-91f7-c92c715c5be3_u_small.jpg|/content/images/data-fiscal.png|/content/images/agea.png,"{""Cant. Dormitorios:"":""4"",""Long. Frente:"":""10 m"",""Long. Fondo:"":""30 m"",""Estado:"":""Bueno"",""Tipo de Techo:"":""Chapa"",""Tipo de Piso:"":""Ceramicos"",""Cant. Cocheras:"":""1"",""Orientación:"":""S"",""Tipo de Unidad:"":""Casa"",""Tipo de operación:"":""Venta"",""Precio:"":""USD 38.000""}",Baño|Comedor|Lavadero|Living|Local|Patio|Agua cloaca|Agua corriente|Calefon|Pavimento|Electricidad|Gas natural
ZONA LURO E ITALIA TERMINAL 4500,46500,USD,Depto,Venta,Mar del Plata,Sin barrio,1,1,,,2,1,1,,,Excelente departamento a la calle amplias comodidades muy bien instalado planta baja a la calle con cochera - permuta mayor valor zona terminal nueva,-37.94753,-57.779995,4 años,,no,no,no,no,no,si,si,https://www.argenprop.com/static-content/56847171/b55332bc-4ce6-452a-a05a-fd7b9e351d4d_u_large.jpg|https://www.argenprop.com/static-content/56847171/3aa96f74-3646-4422-8137-0017b8e40c28_u_large.jpg|https://www.argenprop.com/static-content/56847171/1fc7db9b-6ecf-458d-ba57-b2978d28e852_u_large.jpg|https://www.argenprop.com/static-content/56847171/e767bed6-4a8b-44c4-bf58-e1f943444b02_u_large.jpg|https://www.argenprop.com/static-content/56847171/9bf74a51-ab1a-451b-9ea1-2beab26f45db_u_large.jpg|https://www.argenprop.com/static-content/56847171/08afe711-86c0-421f-b49f-a463e89590dd_u_large.jpg|https://www.argenprop.com/static-content/56847171/d5704fdf-453b-4369-b01c-8580c4a29beb_u_large.jpg|https://www.argenprop.com/static-content/56847171/27e61f44-a73e-4d8e-96e0-233d8576046b_u_large.jpg|https://www.argenprop.com/static-content/56847171/18a8d4a0-04cf-49ab-886f-00dfd4dada76_u_large.jpg|https://www.argenprop.com/static-content/56847171/5db3e07b-6084-44c2-96e2-07d6a7a59cad_u_large.jpg|/Content/images/argenprop/argenprop-logo.webp|https://www.argenprop.com/static-content/22162301/e8f1109e-6875-46f4-9f0f-3f719c9dbea3_u_small.jpg|https://www.argenprop.com/static-content/3007398/a5f61781-549d-42cf-b449-c7a8ebfad03f_u_small.jpg|https://www.argenprop.com/static-content/4671598/89af7a07-e2ee-45aa-84a6-573259f1acda_u_small.jpg|https://www.argenprop.com/static-content/7731916/30ea31b4-1f84-4dc2-806f-c0d9056678ed_u_small.jpg|/content/images/data-fiscal.png|/content/images/agea.png,"{""Cant. Dormitorios:"":""1"",""Cant. Cocheras:"":""1"",""Estado:"":""Excelente"",""Disposición:"":""Frente"",""Orientación:"":""N"",""Tipo de Costa:"":""Costa mar"",""Tipo de Piso:"":""Ceramicos"",""Tipo de Unidad:"":""Departamento"",""Tipo de operación:"":""Venta"",""Precio:"":""USD 46.500"",""Cant. Pisos:"":""2"",""Deptos. por Piso:"":""4"",""Tipo Edificio:"":""Entre Medianeras"",""Tipo Frente:"":""Cemento"",""Estado Edificio:"":""Excelente"",""Long. Frente:"":""8 m2"",""Long. Fondo:"":""50 m2""}",Cocina|Living|Agua caliente|Agua corriente|Cable|Muebles de cocina|Termotanque|Pavimento|Agua corriente|Calefacción|Electricidad|Agua corriente|Calefacción|Cocina|Electricidad|Termotanque
Calle zona 134 y 59 1200,595,ARS,Casa,Alquiler,La Plata,Los Hornos,300,100,150,200,3,2,1,1,,,-34.94534,-57.97084,20 años,,no,no,no,no,no,no,no,https://www.argenprop.com/content/images/facebook-image.jpg|/Content/images/argenprop/argenprop-logo.webp|https://www.argenprop.com/static-content/79076591/45401160-fafc-470d-8436-f7efcac06a95_u_small.jpg|https://www.argenprop.com/static-content/19600691/e63ab0c2-50a5-45ef-acac-8018b9505b66_u_small.jpg|https://www.argenprop.com/static-content/61093791/eddb684d-9302-495b-9bf8-6dc071acc347_u_small.jpg|https://www.argenprop.com/static-content/50475491/c9bc68c0-de68-403c-bc0e-e013a6cf078e_u_small.jpg|/content/images/data-fiscal.png|/content/images/agea.png,"{""Cant. Dormitorios:"":""2"",""Long. Frente:"":""5 m"",""Long. Fondo:"":""30 m"",""Estado:"":""Muy Bueno"",""Cant. Cocheras:"":""2"",""Orientación:"":""S"",""Tipo de Unidad:"":""Casa"",""Tipo de operación:"":""Alquiler"",""Precio:"":""$ 850.000""}",Agua cloaca|Agua corriente|Gas natural|Muebles de cocina|Pavimento|Termotanque|Permite Mascotas